time_since_trigger,group_id,sample_num,rollback,reopen,capacity_multiplier,date_peak,crit_det_peak,rollback_fct
37,99,101,pr0,100perc,0,2020-12-10,1165,none (0%)
46,328,334,pr0,100perc,0,2020-12-12,1437,none (0%)
47,49,49,pr0,100perc,0,2020-12-13,2079,none (0%)
42,303,309,pr0,100perc,0,2020-12-13,1267,none (0%)
43,358,365,pr0,100perc,0,2020-12-13,1310,none (0%)
32,157,163,pr0,100perc,0,2020-12-14,872,none (0%)
50,217,223,pr0,100perc,0,2020-12-14,1842,none (0%)
42,289,295,pr0,100perc,0,2020-12-14,1290,none (0%)
52,290,296,pr0,100perc,0,2020-12-14,2914,none (0%)
50,317,323,pr0,100perc,0,2020-12-14,1977,none (0%)
41,101,103,pr0,100perc,0,2020-12-15,1026,none (0%)
47,287,293,pr0,100perc,0,2020-12-15,1685,none (0%)
47,367,374,pr0,100perc,0,2020-12-15,1616,none (0%)
45,228,234,pr0,100perc,0,2020-12-16,1732,none (0%)
47,6,5,pr0,100perc,0,2020-12-17,1541,none (0%)
41,143,149,pr0,100perc,0,2020-12-17,1095,none (0%)
41,246,252,pr0,100perc,0,2020-12-17,1094,none (0%)
41,246,252,pr0,100perc,0,2020-12-17,1094,none (0%)
46,274,280,pr0,100perc,0,2020-12-17,1640,none (0%)
49,357,364,pr0,100perc,0,2020-12-17,2087,none (0%)
47,27,26,pr0,100perc,0,2020-12-18,1945,none (0%)
42,56,56,pr0,100perc,0,2020-12-18,1484,none (0%)
42,56,56,pr0,100perc,0,2020-12-18,1484,none (0%)
51,269,275,pr0,100perc,0,2020-12-18,1562,none (0%)
47,70,70,pr0,100perc,0,2020-12-19,1841,none (0%)
51,116,121,pr0,100perc,0,2020-12-19,2098,none (0%)
48,142,148,pr0,100perc,0,2020-12-19,1453,none (0%)
43,205,211,pr0,100perc,0,2020-12-19,1235,none (0%)
43,368,375,pr0,100perc,0,2020-12-19,1675,none (0%)
43,368,375,pr0,100perc,0,2020-12-19,1675,none (0%)
48,158,164,pr0,100perc,0,2020-12-20,2155,none (0%)
50,267,273,pr0,100perc,0,2020-12-20,1906,none (0%)
44,313,319,pr0,100perc,0,2020-12-20,1217,none (0%)
46,390,397,pr0,100perc,0,2020-12-20,1649,none (0%)
46,18,17,pr0,100perc,0,2020-12-21,1390,none (0%)
45,68,68,pr0,100perc,0,2020-12-21,1366,none (0%)
50,204,210,pr0,100perc,0,2020-12-21,1863,none (0%)
51,338,344,pr0,100perc,0,2020-12-21,2345,none (0%)
47,351,358,pr0,100perc,0,2020-12-21,2136,none (0%)
51,188,194,pr0,100perc,0,2020-12-22,1847,none (0%)
44,360,367,pr0,100perc,0,2020-12-22,1543,none (0%)
54,376,383,pr0,100perc,0,2020-12-22,1441,none (0%)
48,37,36,pr0,100perc,0,2020-12-23,1682,none (0%)
58,108,110,pr0,100perc,0,2020-12-23,3239,none (0%)
47,113,115,pr0,100perc,0,2020-12-23,1616,none (0%)
47,113,115,pr0,100perc,0,2020-12-23,1616,none (0%)
52,286,292,pr0,100perc,0,2020-12-23,2030,none (0%)
50,64,64,pr0,100perc,0,2020-12-24,1743,none (0%)
52,238,244,pr0,100perc,0,2020-12-24,1998,none (0%)
47,272,278,pr0,100perc,0,2020-12-24,1563,none (0%)
45,362,369,pr0,100perc,0,2020-12-24,1541,none (0%)
50,48,48,pr0,100perc,0,2020-12-25,1408,none (0%)
52,58,58,pr0,100perc,0,2020-12-25,2126,none (0%)
48,72,72,pr0,100perc,0,2020-12-25,1609,none (0%)
48,130,136,pr0,100perc,0,2020-12-25,1188,none (0%)
50,152,158,pr0,100perc,0,2020-12-25,1721,none (0%)
50,270,276,pr0,100perc,0,2020-12-25,2108,none (0%)
52,3,2,pr0,100perc,0,2020-12-26,1741,none (0%)
50,62,62,pr0,100perc,0,2020-12-26,1933,none (0%)
50,62,62,pr0,100perc,0,2020-12-26,1933,none (0%)
54,98,100,pr0,100perc,0,2020-12-26,1905,none (0%)
50,224,230,pr0,100perc,0,2020-12-26,1597,none (0%)
50,224,230,pr0,100perc,0,2020-12-26,1597,none (0%)
53,227,233,pr0,100perc,0,2020-12-26,1727,none (0%)
57,277,283,pr0,100perc,0,2020-12-26,1849,none (0%)
55,35,34,pr0,100perc,0,2020-12-27,2302,none (0%)
50,137,143,pr0,100perc,0,2020-12-27,1477,none (0%)
48,288,294,pr0,100perc,0,2020-12-27,1654,none (0%)
47,373,380,pr0,100perc,0,2020-12-28,1239,none (0%)
47,378,385,pr0,100perc,0,2020-12-28,1175,none (0%)
49,192,198,pr0,100perc,0,2020-12-29,1374,none (0%)
54,312,318,pr0,100perc,0,2020-12-29,1957,none (0%)
52,57,57,pr0,100perc,0,2020-12-30,1621,none (0%)
52,80,80,pr0,100perc,0,2020-12-30,1547,none (0%)
54,107,109,pr0,100perc,0,2020-12-30,1897,none (0%)
54,107,109,pr0,100perc,0,2020-12-30,1897,none (0%)
50,127,133,pr0,100perc,0,2020-12-30,1096,none (0%)
53,218,224,pr0,100perc,0,2020-12-30,2168,none (0%)
51,252,258,pr0,100perc,0,2020-12-30,1604,none (0%)
51,265,271,pr0,100perc,0,2020-12-30,1559,none (0%)
61,168,174,pr0,100perc,0,2020-12-31,2709,none (0%)
37,255,261,pr0,100perc,0,2020-12-31,809,none (0%)
37,255,261,pr0,100perc,0,2020-12-31,809,none (0%)
47,257,263,pr0,100perc,0,2020-12-31,1156,none (0%)
49,310,316,pr0,100perc,0,2020-12-31,1458,none (0%)
52,343,349,pr0,100perc,0,2020-12-31,1535,none (0%)
55,17,16,pr0,100perc,0,2020-12-31,1583,none (0%)
55,120,126,pr0,100perc,0,2020-12-31,1786,none (0%)
47,140,146,pr0,100perc,0,2020-12-31,1595,none (0%)
48,144,150,pr0,100perc,0,2020-12-31,1517,none (0%)
51,271,277,pr0,100perc,0,2020-12-31,1726,none (0%)
43,145,151,pr0,100perc,0,2021-01-01,1223,none (0%)
50,220,226,pr0,100perc,0,2021-01-01,1794,none (0%)
56,293,299,pr0,100perc,0,2021-01-01,1741,none (0%)
57,65,65,pr0,100perc,0,2021-01-02,1947,none (0%)
57,65,65,pr0,100perc,0,2021-01-02,1947,none (0%)
51,251,257,pr0,100perc,0,2021-01-02,1483,none (0%)
51,262,268,pr0,100perc,0,2021-01-02,1690,none (0%)
48,264,270,pr0,100perc,0,2021-01-02,1365,none (0%)
45,319,325,pr0,100perc,0,2021-01-02,1150,none (0%)
54,11,10,pr0,100perc,0,2021-01-03,1587,none (0%)
55,30,29,pr0,100perc,0,2021-01-03,2253,none (0%)
52,216,222,pr0,100perc,0,2021-01-04,1629,none (0%)
55,14,13,pr0,100perc,0,2021-01-05,1829,none (0%)
51,133,139,pr0,100perc,0,2021-01-05,1635,none (0%)
52,150,156,pr0,100perc,0,2021-01-05,1711,none (0%)
45,346,353,pr0,100perc,0,2021-01-06,1221,none (0%)
61,149,155,pr0,100perc,0,2021-01-09,1878,none (0%)
59,259,265,pr0,100perc,0,2021-01-14,1894,none (0%)
34,3649,365,pr2,100perc,0.6,2020-11-30,938,weak (20%)
27,2593,261,pr2,100perc,0.6,2020-12-02,700,weak (20%)
37,1454,148,pr2,100perc,0.6,2020-12-04,992,weak (20%)
48,774,80,pr2,100perc,0.6,2020-12-07,1492,weak (20%)
41,2614,263,pr2,100perc,0.6,2020-12-07,953,weak (20%)
45,2205,223,pr2,100perc,0.6,2020-12-09,1193,weak (20%)
49,3175,319,pr2,100perc,0.6,2020-12-10,1198,weak (20%)
48,3744,374,pr2,100perc,0.6,2020-12-10,1226,weak (20%)
47,53,5,pr2,100perc,0.6,2020-12-10,1251,weak (20%)
36,3856,385,pr2,100perc,0.6,2020-12-11,864,weak (20%)
44,1399,143,pr2,100perc,0.6,2020-12-12,1218,weak (20%)
43,1464,149,pr2,100perc,0.6,2020-12-12,978,weak (20%)
30,978,101,pr2,100perc,0.6,2020-12-13,675,weak (20%)
36,3803,380,pr2,100perc,0.6,2020-12-13,1039,weak (20%)
47,2711,273,pr2,100perc,0.6,2020-12-13,1332,weak (20%)
49,605,64,pr2,100perc,0.6,2020-12-13,1553,weak (20%)
48,1910,194,pr2,100perc,0.6,2020-12-15,1202,weak (20%)
42,2683,270,pr2,100perc,0.6,2020-12-15,1095,weak (20%)
43,3072,309,pr2,100perc,0.6,2020-12-15,848,weak (20%)
47,2301,233,pr2,100perc,0.6,2020-12-16,1135,weak (20%)
40,648,68,pr2,100perc,0.6,2020-12-17,854,weak (20%)
51,667,70,pr2,100perc,0.6,2020-12-17,1381,weak (20%)
44,1301,133,pr2,100perc,0.6,2020-12-17,774,weak (20%)
44,2076,211,pr2,100perc,0.6,2020-12-17,984,weak (20%)
47,2733,275,pr2,100perc,0.6,2020-12-17,919,weak (20%)
54,2906,293,pr2,100perc,0.6,2020-12-17,1259,weak (20%)
39,1000,103,pr2,100perc,0.6,2020-12-18,630,weak (20%)
50,3219,323,pr2,100perc,0.6,2020-12-18,1104,weak (20%)
52,3835,383,pr2,100perc,0.6,2020-12-18,1055,weak (20%)
46,3983,397,pr2,100perc,0.6,2020-12-18,1106,weak (20%)
45,2764,278,pr2,100perc,0.6,2020-12-19,1157,weak (20%)
56,2971,299,pr2,100perc,0.6,2020-12-19,1444,weak (20%)
23,1599,163,pr2,100perc,0.6,2020-12-20,524,weak (20%)
54,2066,210,pr2,100perc,0.6,2020-12-20,1250,weak (20%)
47,2275,230,pr2,100perc,0.6,2020-12-20,1057,weak (20%)
53,2661,268,pr2,100perc,0.6,2020-12-21,1342,weak (20%)
53,3689,369,pr2,100perc,0.6,2020-12-21,1153,weak (20%)
49,1475,150,pr2,100perc,0.6,2020-12-22,1154,weak (20%)
45,1952,198,pr2,100perc,0.6,2020-12-22,965,weak (20%)
49,2753,277,pr2,100perc,0.6,2020-12-23,1060,weak (20%)
57,3430,344,pr2,100perc,0.6,2020-12-24,1610,weak (20%)
44,3483,349,pr2,100perc,0.6,2020-12-24,904,weak (20%)
52,96,10,pr2,100perc,0.6,2020-12-24,1544,weak (20%)
45,525,56,pr2,100perc,0.6,2020-12-24,818,weak (20%)
50,2928,295,pr2,100perc,0.6,2020-12-25,793,weak (20%)
55,24,2,pr2,100perc,0.6,2020-12-25,1255,weak (20%)
49,585,62,pr2,100perc,0.6,2020-12-25,1079,weak (20%)
42,689,72,pr2,100perc,0.6,2020-12-26,865,weak (20%)
53,1556,158,pr2,100perc,0.6,2020-12-26,1017,weak (20%)
62,2939,296,pr2,100perc,0.6,2020-12-26,1674,weak (20%)
54,3577,358,pr2,100perc,0.6,2020-12-26,1341,weak (20%)
48,1114,115,pr2,100perc,0.6,2020-12-27,920,weak (20%)
57,1226,126,pr2,100perc,0.6,2020-12-27,1342,weak (20%)
52,2216,224,pr2,100perc,0.6,2020-12-27,1382,weak (20%)
45,2561,258,pr2,100perc,0.6,2020-12-27,915,weak (20%)
60,2812,283,pr2,100perc,0.6,2020-12-27,1238,weak (20%)
46,2917,294,pr2,100perc,0.6,2020-12-27,905,weak (20%)
47,3525,353,pr2,100perc,0.6,2020-12-27,978,weak (20%)
51,157,16,pr2,100perc,0.6,2020-12-27,974,weak (20%)
53,2312,234,pr2,100perc,0.6,2020-12-28,911,weak (20%)
42,256,26,pr2,100perc,0.6,2020-12-28,905,weak (20%)
62,1610,164,pr2,100perc,0.6,2020-12-29,1308,weak (20%)
59,333,34,pr2,100perc,0.6,2020-12-29,1542,weak (20%)
56,1172,121,pr2,100perc,0.6,2020-12-30,1181,weak (20%)
32,3240,325,pr2,100perc,0.6,2020-12-30,577,weak (20%)
60,544,58,pr2,100perc,0.6,2020-12-30,1598,weak (20%)
51,616,65,pr2,100perc,0.6,2020-12-30,1001,weak (20%)
47,2195,222,pr2,100perc,0.6,2020-12-31,978,weak (20%)
54,165,17,pr2,100perc,0.6,2020-12-31,777,weak (20%)
48,1535,156,pr2,100perc,0.6,2021-01-01,989,weak (20%)
46,2550,257,pr2,100perc,0.6,2021-01-02,774,weak (20%)
59,3164,318,pr2,100perc,0.6,2021-01-02,1228,weak (20%)
52,3755,375,pr2,100perc,0.6,2021-01-03,878,weak (20%)
57,287,29,pr2,100perc,0.6,2021-01-03,1306,weak (20%)
66,1706,174,pr2,100perc,0.6,2021-01-04,1621,weak (20%)
57,2236,226,pr2,100perc,0.6,2021-01-04,1105,weak (20%)
59,2636,265,pr2,100perc,0.6,2021-01-04,1346,weak (20%)
54,2415,244,pr2,100perc,0.6,2021-01-06,949,weak (20%)
60,126,13,pr2,100perc,0.6,2021-01-06,1203,weak (20%)
56,1054,109,pr2,100perc,0.6,2021-01-07,1012,weak (20%)
72,1065,110,pr2,100perc,0.6,2021-01-07,1802,weak (20%)
40,1486,151,pr2,100perc,0.6,2021-01-07,665,weak (20%)
64,2742,276,pr2,100perc,0.6,2021-01-08,1132,weak (20%)
44,2784,280,pr2,100perc,0.6,2021-01-10,579,weak (20%)
53,3639,364,pr2,100perc,0.6,2021-01-10,746,weak (20%)
65,1432,146,pr2,100perc,0.6,2021-01-16,938,weak (20%)
55,3669,367,pr2,100perc,0.6,2021-01-18,678,weak (20%)
64,533,57,pr2,100perc,0.6,2021-01-21,775,weak (20%)
18,1395,136,pr4,100perc,0.6,2020-11-14,722,moderate (40%)
18,2704,263,pr4,100perc,0.6,2020-11-14,577,moderate (40%)
25,3292,319,pr4,100perc,0.6,2020-11-16,699,moderate (40%)
20,3944,383,pr4,100perc,0.6,2020-11-16,617,moderate (40%)
27,3447,334,pr4,100perc,0.6,2020-11-19,661,moderate (40%)
11,1053,103,pr4,100perc,0.6,2020-11-20,486,moderate (40%)
24,3768,365,pr4,100perc,0.6,2020-11-20,608,moderate (40%)
19,3184,309,pr4,100perc,0.6,2020-11-21,605,moderate (40%)
25,1517,148,pr4,100perc,0.6,2020-11-22,623,moderate (40%)
22,2826,275,pr4,100perc,0.6,2020-11-22,610,moderate (40%)
24,495,48,pr4,100perc,0.6,2020-11-22,654,moderate (40%)
20,1363,133,pr4,100perc,0.6,2020-11-23,547,moderate (40%)
18,3964,385,pr4,100perc,0.6,2020-11-23,599,moderate (40%)
30,58,5,pr4,100perc,0.6,2020-11-23,754,moderate (40%)
32,3851,374,pr4,100perc,0.6,2020-11-24,741,moderate (40%)
15,579,56,pr4,100perc,0.6,2020-11-24,546,moderate (40%)
21,2161,211,pr4,100perc,0.6,2020-11-24,691,moderate (40%)
19,2684,261,pr4,100perc,0.6,2020-11-24,539,moderate (40%)
21,2774,270,pr4,100perc,0.6,2020-11-24,739,moderate (40%)
22,4090,397,pr4,100perc,0.6,2020-11-24,643,moderate (40%)
17,180,17,pr4,100perc,0.6,2020-11-24,566,moderate (40%)
17,2588,252,pr4,100perc,0.6,2020-11-25,527,moderate (40%)
28,2909,283,pr4,100perc,0.6,2020-11-25,700,moderate (40%)
27,1525,149,pr4,100perc,0.6,2020-11-26,774,moderate (40%)
27,1790,174,pr4,100perc,0.6,2020-11-26,706,moderate (40%)
29,1984,194,pr4,100perc,0.6,2020-11-26,651,moderate (40%)
22,2859,278,pr4,100perc,0.6,2020-11-26,708,moderate (40%)
27,27,2,pr4,100perc,0.6,2020-11-27,677,moderate (40%)
33,657,64,pr4,100perc,0.6,2020-11-27,814,moderate (40%)
30,1469,143,pr4,100perc,0.6,2020-11-28,716,moderate (40%)
25,1620,158,pr4,100perc,0.6,2020-11-28,631,moderate (40%)
25,2362,230,pr4,100perc,0.6,2020-11-28,598,moderate (40%)
23,2400,234,pr4,100perc,0.6,2020-11-28,616,moderate (40%)
21,2785,271,pr4,100perc,0.6,2020-11-28,604,moderate (40%)
26,3005,292,pr4,100perc,0.6,2020-11-28,708,moderate (40%)
28,356,34,pr4,100perc,0.6,2020-11-28,841,moderate (40%)
22,635,62,pr4,100perc,0.6,2020-11-28,611,moderate (40%)
31,3335,323,pr4,100perc,0.6,2020-11-29,667,moderate (40%)
23,1427,139,pr4,100perc,0.6,2020-11-30,581,moderate (40%)
18,2651,258,pr4,100perc,0.6,2020-11-30,543,moderate (40%)
16,3260,316,pr4,100perc,0.6,2020-11-30,604,moderate (40%)
26,3281,318,pr4,100perc,0.6,2020-11-30,646,moderate (40%)
33,3554,344,pr4,100perc,0.6,2020-11-30,779,moderate (40%)
20,3606,349,pr4,100perc,0.6,2020-11-30,596,moderate (40%)
32,3798,369,pr4,100perc,0.6,2020-11-30,686,moderate (40%)
24,170,16,pr4,100perc,0.6,2020-11-30,528,moderate (40%)
22,1179,115,pr4,100perc,0.6,2020-12-01,627,moderate (40%)
31,1289,126,pr4,100perc,0.6,2020-12-01,737,moderate (40%)
26,2297,224,pr4,100perc,0.6,2020-12-01,749,moderate (40%)
29,108,10,pr4,100perc,0.6,2020-12-01,777,moderate (40%)
13,587,57,pr4,100perc,0.6,2020-12-01,518,moderate (40%)
19,1031,101,pr4,100perc,0.6,2020-12-02,489,moderate (40%)
29,1535,150,pr4,100perc,0.6,2020-12-02,703,moderate (40%)
33,2393,233,pr4,100perc,0.6,2020-12-02,610,moderate (40%)
25,303,29,pr4,100perc,0.6,2020-12-02,647,moderate (40%)
32,598,58,pr4,100perc,0.6,2020-12-02,804,moderate (40%)
29,1237,121,pr4,100perc,0.6,2020-12-03,658,moderate (40%)
37,2804,273,pr4,100perc,0.6,2020-12-03,734,moderate (40%)
23,3644,353,pr4,100perc,0.6,2020-12-03,675,moderate (40%)
15,3757,364,pr4,100perc,0.6,2020-12-03,503,moderate (40%)
27,697,68,pr4,100perc,0.6,2020-12-04,587,moderate (40%)
20,737,72,pr4,100perc,0.6,2020-12-04,555,moderate (40%)
30,2848,277,pr4,100perc,0.6,2020-12-04,610,moderate (40%)
41,3016,293,pr4,100perc,0.6,2020-12-04,689,moderate (40%)
40,3046,296,pr4,100perc,0.6,2020-12-04,845,moderate (40%)
22,3861,375,pr4,100perc,0.6,2020-12-04,586,moderate (40%)
27,3913,380,pr4,100perc,0.6,2020-12-04,746,moderate (40%)
38,1020,100,pr4,100perc,0.6,2020-12-05,954,moderate (40%)
21,2276,222,pr4,100perc,0.6,2020-12-05,598,moderate (40%)
28,141,13,pr4,100perc,0.6,2020-12-05,693,moderate (40%)
28,2319,226,pr4,100perc,0.6,2020-12-06,626,moderate (40%)
25,3027,294,pr4,100perc,0.6,2020-12-06,568,moderate (40%)
48,816,80,pr4,100perc,0.6,2020-12-07,780,moderate (40%)
10,1671,163,pr4,100perc,0.6,2020-12-07,473,moderate (40%)
20,2640,257,pr4,100perc,0.6,2020-12-07,540,moderate (40%)
44,506,49,pr4,100perc,0.6,2020-12-07,742,moderate (40%)
26,1117,109,pr4,100perc,0.6,2020-12-08,614,moderate (40%)
44,2286,223,pr4,100perc,0.6,2020-12-08,651,moderate (40%)
25,2507,244,pr4,100perc,0.6,2020-12-08,628,moderate (40%)
36,3695,358,pr4,100perc,0.6,2020-12-08,678,moderate (40%)
42,1682,164,pr4,100perc,0.6,2020-12-09,623,moderate (40%)
41,2752,268,pr4,100perc,0.6,2020-12-09,627,moderate (40%)
44,1128,110,pr4,100perc,0.6,2020-12-10,729,moderate (40%)
38,1587,155,pr4,100perc,0.6,2020-12-10,766,moderate (40%)
26,1598,156,pr4,100perc,0.6,2020-12-10,601,moderate (40%)
33,2026,198,pr4,100perc,0.6,2020-12-10,611,moderate (40%)
13,3355,325,pr4,100perc,0.6,2020-12-11,471,moderate (40%)
47,717,70,pr4,100perc,0.6,2020-12-13,757,moderate (40%)
50,3077,299,pr4,100perc,0.6,2020-12-13,718,moderate (40%)
17,2879,280,pr4,100perc,0.6,2020-12-14,463,moderate (40%)
35,668,65,pr4,100perc,0.6,2020-12-14,639,moderate (40%)
16,376,36,pr4,100perc,0.6,2020-12-15,469,moderate (40%)
18,1545,151,pr4,100perc,0.6,2020-12-16,473,moderate (40%)
42,2837,276,pr4,100perc,0.6,2020-12-17,608,moderate (40%)
26,3781,367,pr4,100perc,0.6,2020-12-20,458,moderate (40%)
17,795,80,pr6,100perc,0.6,2020-11-06,535,strong (60%)
15,3154,319,pr6,100perc,0.6,2020-11-06,570,strong (60%)
10,3638,365,pr6,100perc,0.6,2020-11-06,524,strong (60%)
15,3731,374,pr6,100perc,0.6,2020-11-07,584,strong (60%)
11,1906,194,pr6,100perc,0.6,2020-11-08,545,strong (60%)
14,2200,223,pr6,100perc,0.6,2020-11-08,533,strong (60%)
15,59,5,pr6,100perc,0.6,2020-11-08,560,strong (60%)
11,2664,268,pr6,100perc,0.6,2020-11-09,559,strong (60%)
15,2956,296,pr6,100perc,0.6,2020-11-09,651,strong (60%)
16,2988,299,pr6,100perc,0.6,2020-11-09,545,strong (60%)
14,2065,210,pr6,100perc,0.6,2020-11-10,597,strong (60%)
14,2613,263,pr6,100perc,0.6,2020-11-10,512,strong (60%)
14,2716,273,pr6,100perc,0.6,2020-11-10,561,strong (60%)
18,3313,334,pr6,100perc,0.6,2020-11-10,556,strong (60%)
18,2925,293,pr6,100perc,0.6,2020-11-11,502,strong (60%)
13,3195,323,pr6,100perc,0.6,2020-11-11,569,strong (60%)
14,3419,344,pr6,100perc,0.6,2020-11-11,594,strong (60%)
15,3828,383,pr6,100perc,0.6,2020-11-11,542,strong (60%)
11,27,2,pr6,100perc,0.6,2020-11-11,578,strong (60%)
16,1457,148,pr6,100perc,0.6,2020-11-13,532,strong (60%)
13,2738,275,pr6,100perc,0.6,2020-11-13,536,strong (60%)
16,2822,283,pr6,100perc,0.6,2020-11-13,568,strong (60%)
11,3564,358,pr6,100perc,0.6,2020-11-13,533,strong (60%)
18,708,70,pr6,100perc,0.6,2020-11-14,637,strong (60%)
18,1349,136,pr6,100perc,0.6,2020-11-14,628,strong (60%)
15,1462,149,pr6,100perc,0.6,2020-11-14,619,strong (60%)
15,2307,233,pr6,100perc,0.6,2020-11-14,548,strong (60%)
20,652,64,pr6,100perc,0.6,2020-11-14,600,strong (60%)
16,1721,174,pr6,100perc,0.6,2020-11-15,604,strong (60%)
9,177,16,pr6,100perc,0.6,2020-11-15,446,strong (60%)
17,493,48,pr6,100perc,0.6,2020-11-15,571,strong (60%)
19,1615,164,pr6,100perc,0.6,2020-11-16,527,strong (60%)
18,3681,369,pr6,100perc,0.6,2020-11-16,544,strong (60%)
14,113,10,pr6,100perc,0.6,2020-11-16,648,strong (60%)
21,1081,110,pr6,100perc,0.6,2020-11-17,569,strong (60%)
17,1247,126,pr6,100perc,0.6,2020-11-17,604,strong (60%)
19,1412,143,pr6,100perc,0.6,2020-11-17,619,strong (60%)
13,2760,277,pr6,100perc,0.6,2020-11-17,527,strong (60%)
15,3051,309,pr6,100perc,0.6,2020-11-17,542,strong (60%)
17,590,58,pr6,100perc,0.6,2020-11-17,582,strong (60%)
15,1472,150,pr6,100perc,0.6,2020-11-18,582,strong (60%)
11,1945,198,pr6,100perc,0.6,2020-11-18,567,strong (60%)
15,2074,211,pr6,100perc,0.6,2020-11-18,601,strong (60%)
18,345,34,pr6,100perc,0.6,2020-11-18,635,strong (60%)
14,2318,234,pr6,100perc,0.6,2020-11-19,509,strong (60%)
14,2946,295,pr6,100perc,0.6,2020-11-19,524,strong (60%)
17,3974,397,pr6,100perc,0.6,2020-11-19,554,strong (60%)
13,686,68,pr6,100perc,0.6,2020-11-20,543,strong (60%)
11,1013,103,pr6,100perc,0.6,2020-11-20,476,strong (60%)
16,1193,121,pr6,100perc,0.6,2020-11-20,570,strong (60%)
17,1319,133,pr6,100perc,0.6,2020-11-20,471,strong (60%)
17,1554,158,pr6,100perc,0.6,2020-11-20,529,strong (60%)
13,2695,271,pr6,100perc,0.6,2020-11-20,521,strong (60%)
15,2749,276,pr6,100perc,0.6,2020-11-20,530,strong (60%)
24,982,100,pr6,100perc,0.6,2020-11-21,712,strong (60%)
13,2233,226,pr6,100perc,0.6,2020-11-21,526,strong (60%)
17,2771,278,pr6,100perc,0.6,2020-11-21,612,strong (60%)
11,3471,349,pr6,100perc,0.6,2020-11-21,536,strong (60%)
19,2275,230,pr6,100perc,0.6,2020-11-22,504,strong (60%)
20,2914,292,pr6,100perc,0.6,2020-11-22,571,strong (60%)
18,2211,224,pr6,100perc,0.6,2020-11-23,605,strong (60%)
15,2498,252,pr6,100perc,0.6,2020-11-23,474,strong (60%)
17,2634,265,pr6,100perc,0.6,2020-11-23,553,strong (60%)
18,3850,385,pr6,100perc,0.6,2020-11-23,519,strong (60%)
16,187,17,pr6,100perc,0.6,2020-11-23,507,strong (60%)
11,992,101,pr6,100perc,0.6,2020-11-24,462,strong (60%)
12,1072,109,pr6,100perc,0.6,2020-11-24,509,strong (60%)
12,1436,146,pr6,100perc,0.6,2020-11-24,489,strong (60%)
21,2685,270,pr6,100perc,0.6,2020-11-24,621,strong (60%)
15,569,56,pr6,100perc,0.6,2020-11-24,500,strong (60%)
17,1381,139,pr6,100perc,0.6,2020-11-24,505,strong (60%)
19,2591,261,pr6,100perc,0.6,2020-11-24,467,strong (60%)
17,3797,380,pr6,100perc,0.6,2020-11-24,644,strong (60%)
16,1131,115,pr6,100perc,0.6,2020-11-25,556,strong (60%)
12,2423,244,pr6,100perc,0.6,2020-11-25,516,strong (60%)
19,145,13,pr6,100perc,0.6,2020-11-26,564,strong (60%)
13,730,72,pr6,100perc,0.6,2020-11-27,502,strong (60%)
25,1522,155,pr6,100perc,0.6,2020-11-27,548,strong (60%)
14,1533,156,pr6,100perc,0.6,2020-11-28,527,strong (60%)
14,2190,222,pr6,100perc,0.6,2020-11-28,541,strong (60%)
17,2936,294,pr6,100perc,0.6,2020-11-28,502,strong (60%)
19,663,65,pr6,100perc,0.6,2020-11-28,516,strong (60%)
11,580,57,pr6,100perc,0.6,2020-11-29,494,strong (60%)
16,3124,316,pr6,100perc,0.6,2020-11-30,539,strong (60%)
20,3513,353,pr6,100perc,0.6,2020-11-30,554,strong (60%)
14,280,26,pr6,100perc,0.6,2020-11-30,532,strong (60%)
19,3742,375,pr6,100perc,0.6,2020-12-01,515,strong (60%)
15,3628,364,pr6,100perc,0.6,2020-12-03,457,strong (60%)
18,2550,257,pr6,100perc,0.6,2020-12-05,477,strong (60%)
11,3660,367,pr6,100perc,0.6,2020-12-05,438,strong (60%)
10,1604,163,pr6,100perc,0.6,2020-12-07,466,strong (60%)
12,1483,151,pr6,100perc,0.6,2020-12-10,433,strong (60%)
13,3217,325,pr6,100perc,0.6,2020-12-11,450,strong (60%)
13,366,36,pr6,100perc,0.6,2020-12-12,438,strong (60%)
17,2791,280,pr6,100perc,0.6,2020-12-14,421,strong (60%)
12,814,80,pr8,100perc,0.6,2020-11-01,467,very strong (80%)
10,3085,299,pr8,100perc,0.6,2020-11-03,507,very strong (80%)
10,2294,223,pr8,100perc,0.6,2020-11-04,519,very strong (80%)
11,507,49,pr8,100perc,0.6,2020-11-04,563,very strong (80%)
11,660,64,pr8,100perc,0.6,2020-11-05,540,very strong (80%)
13,57,5,pr8,100perc,0.6,2020-11-06,520,very strong (80%)
15,3293,319,pr8,100perc,0.6,2020-11-06,522,very strong (80%)
14,3452,334,pr8,100perc,0.6,2020-11-06,515,very strong (80%)
10,3776,365,pr8,100perc,0.6,2020-11-06,500,very strong (80%)
10,3955,383,pr8,100perc,0.6,2020-11-06,506,very strong (80%)
10,1526,148,pr8,100perc,0.6,2020-11-07,496,very strong (80%)
14,3021,293,pr8,100perc,0.6,2020-11-07,464,very strong (80%)
15,3861,374,pr8,100perc,0.6,2020-11-07,539,very strong (80%)
11,1997,194,pr8,100perc,0.6,2020-11-08,520,very strong (80%)
11,3556,344,pr8,100perc,0.6,2020-11-08,553,very strong (80%)
13,2704,263,pr8,100perc,0.6,2020-11-09,472,very strong (80%)
11,2758,268,pr8,100perc,0.6,2020-11-09,541,very strong (80%)
15,3053,296,pr8,100perc,0.6,2020-11-09,596,very strong (80%)
13,1683,164,pr8,100perc,0.6,2020-11-10,469,very strong (80%)
14,2163,210,pr8,100perc,0.6,2020-11-10,547,very strong (80%)
14,2813,273,pr8,100perc,0.6,2020-11-10,520,very strong (80%)
14,1029,100,pr8,100perc,0.6,2020-11-11,655,very strong (80%)
15,1136,110,pr8,100perc,0.6,2020-11-11,512,very strong (80%)
12,2396,233,pr8,100perc,0.6,2020-11-11,512,very strong (80%)
13,3335,323,pr8,100perc,0.6,2020-11-11,540,very strong (80%)
11,27,2,pr8,100perc,0.6,2020-11-11,556,very strong (80%)
10,3011,292,pr8,100perc,0.6,2020-11-12,520,very strong (80%)
14,3814,369,pr8,100perc,0.6,2020-11-12,480,very strong (80%)
14,1534,149,pr8,100perc,0.6,2020-11-13,576,very strong (80%)
11,1592,155,pr8,100perc,0.6,2020-11-13,498,very strong (80%)
13,2834,275,pr8,100perc,0.6,2020-11-13,506,very strong (80%)
16,2916,283,pr8,100perc,0.6,2020-11-13,519,very strong (80%)
11,3702,358,pr8,100perc,0.6,2020-11-13,505,very strong (80%)
8,3976,385,pr8,100perc,0.6,2020-11-13,484,very strong (80%)
13,351,34,pr8,100perc,0.6,2020-11-13,585,very strong (80%)
18,711,70,pr8,100perc,0.6,2020-11-14,573,very strong (80%)
14,1303,126,pr8,100perc,0.6,2020-11-14,569,very strong (80%)
9,2684,261,pr8,100perc,0.6,2020-11-14,440,very strong (80%)
12,4101,397,pr8,100perc,0.6,2020-11-14,521,very strong (80%)
12,1375,133,pr8,100perc,0.6,2020-11-15,446,very strong (80%)
12,2368,230,pr8,100perc,0.6,2020-11-15,476,very strong (80%)
13,3191,309,pr8,100perc,0.6,2020-11-15,521,very strong (80%)
13,109,10,pr8,100perc,0.6,2020-11-15,587,very strong (80%)
9,170,16,pr8,100perc,0.6,2020-11-15,437,very strong (80%)
13,1622,158,pr8,100perc,0.6,2020-11-16,493,very strong (80%)
13,2172,211,pr8,100perc,0.6,2020-11-16,568,very strong (80%)
11,2304,224,pr8,100perc,0.6,2020-11-16,560,very strong (80%)
12,3286,318,pr8,100perc,0.6,2020-11-16,507,very strong (80%)
11,2726,265,pr8,100perc,0.6,2020-11-17,533,very strong (80%)
13,2852,277,pr8,100perc,0.6,2020-11-17,503,very strong (80%)
10,302,29,pr8,100perc,0.6,2020-11-17,486,very strong (80%)
15,1542,150,pr8,100perc,0.6,2020-11-18,544,very strong (80%)
10,2590,252,pr8,100perc,0.6,2020-11-18,437,very strong (80%)
11,181,17,pr8,100perc,0.6,2020-11-18,479,very strong (80%)
12,641,62,pr8,100perc,0.6,2020-11-18,483,very strong (80%)
15,1252,121,pr8,100perc,0.6,2020-11-19,539,very strong (80%)
14,2407,234,pr8,100perc,0.6,2020-11-19,470,very strong (80%)
14,2843,276,pr8,100perc,0.6,2020-11-19,498,very strong (80%)
15,2863,278,pr8,100perc,0.6,2020-11-19,555,very strong (80%)
14,3042,295,pr8,100perc,0.6,2020-11-19,490,very strong (80%)
11,1061,103,pr8,100perc,0.6,2020-11-20,463,very strong (80%)
13,2791,271,pr8,100perc,0.6,2020-11-20,494,very strong (80%)
13,2326,226,pr8,100perc,0.6,2020-11-21,499,very strong (80%)
18,2780,270,pr8,100perc,0.6,2020-11-21,553,very strong (80%)
11,3611,349,pr8,100perc,0.6,2020-11-21,519,very strong (80%)
14,3923,380,pr8,100perc,0.6,2020-11-21,584,very strong (80%)
11,1504,146,pr8,100perc,0.6,2020-11-23,479,very strong (80%)
11,1039,101,pr8,100perc,0.6,2020-11-24,457,very strong (80%)
12,1126,109,pr8,100perc,0.6,2020-11-24,493,very strong (80%)
15,580,56,pr8,100perc,0.6,2020-11-24,470,very strong (80%)
15,670,65,pr8,100perc,0.6,2020-11-24,466,very strong (80%)
11,732,72,pr8,100perc,0.6,2020-11-25,473,very strong (80%)
16,1187,115,pr8,100perc,0.6,2020-11-25,503,very strong (80%)
12,2503,244,pr8,100perc,0.6,2020-11-25,496,very strong (80%)
13,2654,258,pr8,100perc,0.6,2020-11-25,460,very strong (80%)
9,272,26,pr8,100perc,0.6,2020-11-25,493,very strong (80%)
15,3032,294,pr8,100perc,0.6,2020-11-26,458,very strong (80%)
14,3872,375,pr8,100perc,0.6,2020-11-26,471,very strong (80%)
19,139,13,pr8,100perc,0.6,2020-11-26,488,very strong (80%)
13,2284,222,pr8,100perc,0.6,2020-11-27,506,very strong (80%)
10,2643,257,pr8,100perc,0.6,2020-11-27,462,very strong (80%)
11,3765,364,pr8,100perc,0.6,2020-11-29,446,very strong (80%)
11,590,57,pr8,100perc,0.6,2020-11-29,474,very strong (80%)
16,3264,316,pr8,100perc,0.6,2020-11-30,491,very strong (80%)
8,1672,163,pr8,100perc,0.6,2020-12-05,458,very strong (80%)
11,3797,367,pr8,100perc,0.6,2020-12-05,423,very strong (80%)
9,2883,280,pr8,100perc,0.6,2020-12-06,404,very strong (80%)
12,1550,151,pr8,100perc,0.6,2020-12-10,422,very strong (80%)
13,3355,325,pr8,100perc,0.6,2020-12-11,437,very strong (80%)
13,373,36,pr8,100perc,0.6,2020-12-12,422,very strong (80%)
