time_since_trigger,rollback,capacity_multiplier,n.val,mean,median,q5,q95,time_since_trigger_wks
-13,pr2,0.6,88,1.22864011336683,1.226281581263,1.17885243912149,1.28597064337844,-1.85714285714286
-13,pr4,0.6,95,1.22531113561369,1.22690583500156,1.17257104869621,1.28020003936927,-1.85714285714286
-13,pr6,0.6,95,1.22255315315939,1.22309689242974,1.17321923924267,1.27955936627232,-1.85714285714286
-13,pr8,0.6,90,1.23825732868606,1.23680276348861,1.18877209974592,1.29922867005985,-1.85714285714286
-12,pr2,0.6,88,1.22281384333502,1.22136141911123,1.17161749230096,1.27443390298308,-1.71428571428571
-12,pr4,0.6,95,1.21579841173732,1.21375127420397,1.16294130298446,1.26353111712517,-1.71428571428571
-12,pr6,0.6,95,1.20915251526124,1.20667827926118,1.15684471410119,1.26018558934939,-1.71428571428571
-12,pr8,0.6,90,1.22210133272356,1.22136372929407,1.16769128393101,1.27122864655707,-1.71428571428571
-11,pr2,0.6,88,1.2156659217231,1.21702853904445,1.16338760482729,1.26094204380193,-1.57142857142857
-11,pr4,0.6,95,1.20354964463444,1.20483380713868,1.15022771754756,1.2448432460033,-1.57142857142857
-11,pr6,0.6,95,1.19137003587802,1.19214380386493,1.13972787332324,1.23287953014354,-1.57142857142857
-11,pr8,0.6,90,1.19863103364387,1.20202395566803,1.13906128003775,1.24321574966709,-1.57142857142857
-10,pr2,0.6,88,1.20686072491628,1.20764392974276,1.15218695004646,1.24720071719699,-1.42857142857143
-10,pr4,0.6,95,1.18806769185601,1.18999605328474,1.133630023742,1.22718355040498,-1.42857142857143
-10,pr6,0.6,95,1.16847648830665,1.17321508278862,1.11378070283234,1.2077778838816,-1.42857142857143
-10,pr8,0.6,90,1.16665615311737,1.17534321842283,1.10147237662971,1.2106185310703,-1.42857142857143
-9,pr2,0.6,88,1.19629438424166,1.19848204208418,1.1407061479859,1.23584837501279,-1.28571428571429
-9,pr4,0.6,95,1.16928167771668,1.17246457293426,1.11198009371871,1.21010615816464,-1.28571428571429
-9,pr6,0.6,95,1.14042536703462,1.14627333379049,1.08155459465776,1.18552444957748,-1.28571428571429
-9,pr8,0.6,90,1.1262145379832,1.13204922884852,1.05512951091761,1.17643492748825,-1.28571428571429
-8,pr2,0.6,88,1.18422529253183,1.18680747565922,1.12664528216776,1.22733903017669,-1.14285714285714
-8,pr4,0.6,95,1.14765255830336,1.15324879323835,1.08759816976904,1.18964083252245,-1.14285714285714
-8,pr6,0.6,95,1.10801761391008,1.11314184050666,1.04872000638854,1.15295944623428,-1.14285714285714
-8,pr8,0.6,90,1.07852158038765,1.08370005107551,1.00438665356826,1.13623152027864,-1.14285714285714
-7,pr2,0.6,88,1.17113497379218,1.17486418129085,1.10988387659169,1.21766820746742,-1
-7,pr4,0.6,95,1.12411577020561,1.12960325418307,1.06279151509575,1.17291790425384,-1
-7,pr6,0.6,95,1.0726675138262,1.07818011803487,1.01410462507501,1.12201504982661,-1
-7,pr8,0.6,90,1.02577661732304,1.02909890737614,0.951465615888959,1.08776813785103,-1
-6,pr2,0.6,88,1.15764296126791,1.16354476861931,1.09370789245833,1.20296458111237,-0.857142857142857
-6,pr4,0.6,95,1.09983545969483,1.10517716665705,1.03911143435046,1.14756428228995,-0.857142857142857
-6,pr6,0.6,95,1.03608409405305,1.03961736719445,0.97753746412227,1.08919532656618,-0.857142857142857
-6,pr8,0.6,90,0.970605256032529,0.972161965835538,0.897590912272796,1.03403454228593,-0.857142857142857
-5,pr2,0.6,88,1.14432777577977,1.14794470613435,1.07911676364656,1.19373935078817,-0.714285714285714
-5,pr4,0.6,95,1.07586812778906,1.07891091489537,1.01417216833218,1.12428987886556,-0.714285714285714
-5,pr6,0.6,95,0.999876702293691,1.00157094940472,0.941012958552768,1.05373328871271,-0.714285714285714
-5,pr8,0.6,90,0.915414098386573,0.917943199095146,0.844898684175174,0.978511063440294,-0.714285714285714
-4,pr2,0.6,88,1.13164851154775,1.13300704524287,1.06561399976644,1.18293259439391,-0.571428571428571
-4,pr4,0.6,95,1.05307298849964,1.05811988983692,0.991528661552953,1.10284939429865,-0.571428571428571
-4,pr6,0.6,95,0.965294225057547,0.967886708412159,0.907214987670167,1.02087782062963,-0.571428571428571
-4,pr8,0.6,90,0.86208332663646,0.863551393375559,0.794357991042089,0.923325761575125,-0.571428571428571
-3,pr2,0.6,88,1.11982771666064,1.12185536112749,1.05423863548359,1.17050818454102,-0.428571428571429
-3,pr4,0.6,95,1.03198477964652,1.03603433462981,0.971102955813263,1.08307796006743,-0.428571428571429
-3,pr6,0.6,95,0.933157618293169,0.935765251164334,0.875771747172386,0.990730782490468,-0.428571428571429
-3,pr8,0.6,90,0.811724893665249,0.812019232426381,0.746932833559681,0.872841450857813,-0.428571428571429
-2,pr2,0.6,88,1.10894669678238,1.10968978134537,1.04577320713605,1.1641019558898,-0.285714285714286
-2,pr4,0.6,95,1.01287182876805,1.01486062353363,0.952540157690279,1.06660111939013,-0.285714285714286
-2,pr6,0.6,95,0.903806378816499,0.903685590099151,0.847371044348918,0.961577976161765,-0.285714285714286
-2,pr8,0.6,90,0.764892110628942,0.766964013374621,0.702443288902195,0.826227470012224,-0.285714285714286
-1,pr2,0.6,88,1.09897766924205,1.09961963390525,1.0371432470819,1.15485008275286,-0.142857142857143
-1,pr4,0.6,95,0.995759480138402,0.997837170560827,0.937064534316876,1.04714207282522,-0.142857142857143
-1,pr6,0.6,95,0.877319608871297,0.879403352537109,0.821229712844915,0.933295925543541,-0.142857142857143
-1,pr8,0.6,90,0.721595232726858,0.72483029269388,0.659499936661273,0.783958478531869,-0.142857142857143
0,pr2,0.6,88,1.08983029079227,1.08721222402466,1.02996090644827,1.14337099437216,0
0,pr4,0.6,95,0.980558053205386,0.983449867254614,0.924554997919289,1.03085142338406,0
0,pr6,0.6,95,0.853526840945833,0.857119138253622,0.79763961591412,0.907569062033947,0
0,pr8,0.6,90,0.68153386130478,0.684499617085223,0.618394546963468,0.745916126245508,0
1,pr2,0.6,88,1.08142191086014,1.07867495375893,1.02354822896222,1.13607103413498,0.142857142857143
1,pr4,0.6,95,0.967066559820365,0.968828315820494,0.912436637702428,1.01723201543518,0.142857142857143
1,pr6,0.6,95,0.832154207882386,0.833969434838001,0.777473900060192,0.886436567030347,0.142857142857143
1,pr8,0.6,90,0.644332183773027,0.647244988229022,0.576855093471323,0.712008230257656,0.142857142857143
2,pr2,0.6,88,1.07366359466343,1.07119406318497,1.01789979234265,1.13018136881732,0.285714285714286
2,pr4,0.6,95,0.955140682087692,0.956355205020726,0.901361855742753,1.00421327462299,0.285714285714286
2,pr6,0.6,95,0.8129067589201,0.814050586903021,0.759105796604302,0.866188203905744,0.285714285714286
2,pr8,0.6,90,0.609641993305094,0.611655696078847,0.539912886688857,0.67913445803733,0.285714285714286
3,pr2,0.6,88,1.06655869936074,1.0638300143774,1.01234614009012,1.12042874024379,0.428571428571429
3,pr4,0.6,95,0.944677230906295,0.944391378798844,0.891834732613658,0.992820578469811,0.428571428571429
3,pr6,0.6,95,0.795623353851257,0.79710737223605,0.741392499324501,0.84890446686193,0.428571428571429
3,pr8,0.6,90,0.577362981638604,0.578733190720882,0.503830308850153,0.646590658536073,0.428571428571429
4,pr2,0.6,88,1.0601383781036,1.05884277181502,1.00953759995405,1.11135501307048,0.571428571428571
4,pr4,0.6,95,0.935664645133158,0.933841766189447,0.8856312811196,0.983511825163132,0.571428571428571
4,pr6,0.6,95,0.78038421679742,0.78022372911851,0.726936126305146,0.832251576860316,0.571428571428571
4,pr8,0.6,90,0.547710948359876,0.54689111403477,0.474611138487256,0.618588509454471,0.571428571428571
5,pr2,0.6,88,1.0545298790685,1.05525330170556,1.00721593274549,1.10779501844504,0.714285714285714
5,pr4,0.6,95,0.928294968753759,0.925832119081164,0.882399129072245,0.974539231474951,0.714285714285714
5,pr6,0.6,95,0.767518714322323,0.766076555177426,0.717033906073286,0.817263967832682,0.714285714285714
5,pr8,0.6,90,0.521212077231543,0.515448349506369,0.449015924222118,0.594326051562993,0.714285714285714
6,pr2,0.6,88,1.04980593942727,1.04949231032053,1.00576209322057,1.099571976431,0.857142857142857
6,pr4,0.6,95,0.922837297717421,0.921534769065892,0.880063770799371,0.967435115977898,0.857142857142857
6,pr6,0.6,95,0.757579338299606,0.755036456547947,0.71148112131984,0.80694597310609,0.857142857142857
6,pr8,0.6,90,0.498782325362615,0.495436505061987,0.427576418166468,0.572768282271935,0.857142857142857
7,pr2,0.6,88,1.04600985008776,1.04573907663912,1.00684092518398,1.09111543622219,1
7,pr4,0.6,95,0.919563440906909,0.919208645128229,0.880662674540093,0.962996406071599,1
7,pr6,0.6,95,0.751243439957388,0.748399798636695,0.709868257808816,0.798656982705034,1
7,pr8,0.6,90,0.481582900392369,0.474282301683777,0.415260710296224,0.554370158856824,1
8,pr2,0.6,88,1.0430899725896,1.04340154885616,1.00607350042546,1.08324985717294,1.14285714285714
8,pr4,0.6,95,0.918640725708417,0.918432626447998,0.879832704671641,0.959565223517823,1.14285714285714
8,pr6,0.6,95,0.749187314894785,0.745843567297258,0.70844293372054,0.796294827208424,1.14285714285714
8,pr8,0.6,90,0.470942577299586,0.466916703854736,0.406510880073267,0.545181052294733,1.14285714285714
9,pr2,0.6,88,1.04093156055418,1.04086480464639,1.00324094637186,1.07965998804644,1.28571428571429
9,pr4,0.6,95,0.920099079467846,0.920373211330189,0.879729395967745,0.958362763844133,1.28571428571429
9,pr6,0.6,95,0.751886566059567,0.749297586836436,0.708080573486477,0.794438161943013,1.28571428571429
9,pr8,0.6,90,0.468240593496549,0.464633153245912,0.407466207418089,0.540037844725139,1.28571428571429
10,pr2,0.6,88,1.03940243288049,1.04086005852626,1.00055923501403,1.07751295792382,1.42857142857143
10,pr4,0.6,95,0.923742588370575,0.923719264451758,0.884226907557347,0.959430451108541,1.42857142857143
10,pr6,0.6,95,0.759515955659887,0.757341422687798,0.716078294332924,0.802661499231964,1.42857142857143
10,pr8,0.6,90,0.474860633943773,0.47253242413464,0.407708079224475,0.542712481350337,1.42857142857143
11,pr2,0.6,88,1.03836457831824,1.04039281661216,0.999610501336568,1.07555824001318,1.57142857142857
11,pr4,0.6,95,0.929148566666246,0.929430987584976,0.892926471524816,0.963634939814899,1.57142857142857
11,pr6,0.6,95,0.77173969621315,0.771175078734799,0.732486965064193,0.81657604585707,1.57142857142857
11,pr8,0.6,90,0.491788177998868,0.490706360802739,0.430228292014948,0.565341021256336,1.57142857142857
12,pr2,0.6,88,1.03760247805808,1.04064559557624,0.999062666374908,1.0755152602665,1.71428571428571
12,pr4,0.6,95,0.935653472555604,0.93659812352889,0.900485608501457,0.966997132910143,1.71428571428571
12,pr6,0.6,95,0.78753404961401,0.787128697741818,0.745898387458378,0.829277074428088,1.71428571428571
12,pr8,0.6,90,0.519336521780307,0.52072221326169,0.450372644256371,0.592278879922312,1.71428571428571
13,pr2,0.6,88,1.03685679838321,1.03801388710597,0.996949732297545,1.07672717677808,1.85714285714286
13,pr4,0.6,95,0.94247422490161,0.945160018026029,0.909238178992846,0.9731058899775,1.85714285714286
13,pr6,0.6,95,0.805359419117959,0.804266415751137,0.768955059957834,0.841915372480355,1.85714285714286
13,pr8,0.6,90,0.556452141427696,0.558178843230171,0.479794637434519,0.621649523469783,1.85714285714286
14,pr2,0.6,88,1.03584736212753,1.03763315225211,0.996366133039085,1.07960487537364,2
14,pr4,0.6,95,0.94878160644165,0.952531967710065,0.915302399540344,0.978259916075777,2
14,pr6,0.6,95,0.823390956092214,0.823994078355198,0.786501383334215,0.855512926521845,2
14,pr8,0.6,90,0.600649359906598,0.599197884413504,0.53281601157283,0.658342668314973,2
15,pr2,0.6,88,1.03438998278277,1.03526915254206,0.993205373265436,1.07900323829289,2.14285714285714
15,pr4,0.6,95,0.953983347139059,0.957766309987479,0.920951723898715,0.983247867625243,2.14285714285714
15,pr6,0.6,95,0.83995978263398,0.839382447585405,0.807624721086671,0.868794811822236,2.14285714285714
15,pr8,0.6,90,0.648169634525112,0.646070299368526,0.588433179886157,0.705627269345354,2.14285714285714
16,pr2,0.6,88,1.03244188382862,1.03302269817983,0.987920705869707,1.08119773718411,2.28571428571429
16,pr4,0.6,95,0.957762444386005,0.961279596857017,0.922437137039897,0.989059927887197,2.28571428571429
16,pr6,0.6,95,0.853958769416455,0.855589269234361,0.824778044823442,0.878628517355227,2.28571428571429
16,pr8,0.6,90,0.694673693532224,0.695607051913286,0.641603710599504,0.761831231971225,2.28571428571429
17,pr2,0.6,88,1.03002627650397,1.03020576510089,0.98310033245283,1.07834670236005,2.42857142857143
17,pr4,0.6,95,0.960133872426676,0.961278022946228,0.920687673975442,0.994639878879493,2.42857142857143
17,pr6,0.6,95,0.864833691471254,0.867057548187706,0.836635199153271,0.88931788209541,2.42857142857143
17,pr8,0.6,90,0.736492344864853,0.729850908496641,0.682925311636851,0.806518202641672,2.42857142857143
18,pr2,0.6,88,1.027194657121,1.02856429103003,0.978128536736203,1.07431188236279,2.57142857142857
18,pr4,0.6,95,0.961281535278484,0.962283518934351,0.920166413473834,0.996283484462456,2.57142857142857
18,pr6,0.6,95,0.872689900358034,0.875254341778168,0.842455629607985,0.89823055544254,2.57142857142857
18,pr8,0.6,90,0.771048779702783,0.765727359536981,0.71054422799268,0.846861187504749,2.57142857142857
19,pr2,0.6,88,1.02399088526445,1.02529652702843,0.973112776396664,1.07158637567137,2.71428571428571
19,pr4,0.6,95,0.961448247038853,0.963058752658966,0.917013038496096,0.996581351311734,2.71428571428571
19,pr6,0.6,95,0.877893730315845,0.882599132476555,0.845692269358794,0.903785649188902,2.71428571428571
19,pr8,0.6,90,0.797359821480039,0.792307397361386,0.737231301174659,0.874490205148096,2.71428571428571
20,pr2,0.6,88,1.02046024873091,1.02253176162324,0.973168575376395,1.06974015717194,2.85714285714286
20,pr4,0.6,95,0.960869919640537,0.96130171247353,0.918068215415374,0.996842566821656,2.85714285714286
20,pr6,0.6,95,0.880887493901312,0.885272310776156,0.845696644223004,0.907872409767794,2.85714285714286
20,pr8,0.6,90,0.815604891725417,0.809188889297826,0.760622256112849,0.891356210295716,2.85714285714286
21,pr2,0.6,88,1.01666525886862,1.01853994421393,0.971103795440109,1.0652877441596,3
21,pr4,0.6,95,0.959734030224313,0.959974015817065,0.916494279081176,0.995085437006874,3
21,pr6,0.6,95,0.882188771360415,0.887394778003698,0.845406748960367,0.910962768313308,3
21,pr8,0.6,90,0.826841124459467,0.822761478191136,0.770497557052717,0.896401626125761,3
22,pr2,0.6,88,1.01266819386005,1.01672667577712,0.963791524974059,1.06094153921526,3.14285714285714
22,pr4,0.6,95,0.958219198672151,0.959602771480837,0.9149954145726,0.994449346401826,3.14285714285714
22,pr6,0.6,95,0.882130564278863,0.886611305304779,0.844310090716512,0.911096646246228,3.14285714285714
22,pr8,0.6,90,0.832376185683773,0.828638735333751,0.778335072576797,0.896532745844539,3.14285714285714
23,pr2,0.6,88,1.00861304408283,1.01194552084342,0.960848121633317,1.0535846966604,3.28571428571429
23,pr4,0.6,95,0.956475344505581,0.959925429309093,0.916271466365821,0.994360500158512,3.28571428571429
23,pr6,0.6,95,0.881171786054901,0.883075973768833,0.84442328848743,0.910832437437853,3.28571428571429
23,pr8,0.6,90,0.833539809900279,0.832161491606855,0.782129448849816,0.890010985195583,3.28571428571429
24,pr2,0.6,88,1.00461019363513,1.00956846487774,0.955753935507746,1.04681133189417,3.42857142857143
24,pr4,0.6,95,0.954700859737884,0.957327817748181,0.918365285033827,0.990864560288589,3.42857142857143
24,pr6,0.6,95,0.879680012195702,0.880805394212262,0.845423288068534,0.910994297700514,3.42857142857143
24,pr8,0.6,90,0.831533784265829,0.831677780094216,0.783310114802669,0.880725591644406,3.42857142857143
25,pr2,0.6,88,1.00075200800663,1.00425587974967,0.950273337308857,1.04234805010098,3.57142857142857
25,pr4,0.6,95,0.952992603785114,0.956359594107266,0.915807201470714,0.987968719936345,3.57142857142857
25,pr6,0.6,95,0.877999075997331,0.879098353146252,0.843856494883123,0.908878336100041,3.57142857142857
25,pr8,0.6,90,0.827371700857746,0.824096774041221,0.783245174616486,0.871340576777268,3.57142857142857
26,pr2,0.6,88,0.997040818056854,0.999279367483586,0.947909612895088,1.03975888853744,3.71428571428571
26,pr4,0.6,95,0.951434836821308,0.952678114883622,0.916369154559988,0.984723179413973,3.71428571428571
26,pr6,0.6,95,0.876364200190388,0.880006803670589,0.845410414718527,0.90642722449711,3.71428571428571
26,pr8,0.6,90,0.82209575948979,0.829557432727173,0.77937331837189,0.860590962644034,3.71428571428571
27,pr2,0.6,88,0.993441051423704,0.993887937420384,0.947601409891099,1.03314944568592,3.85714285714286
27,pr4,0.6,95,0.949980048413739,0.949494370661026,0.913527233537748,0.980425423824083,3.85714285714286
27,pr6,0.6,95,0.87481135939048,0.87663913401431,0.845258024984121,0.902644478636279,3.85714285714286
27,pr8,0.6,90,0.816197469575248,0.822364460932489,0.77146407180673,0.851702037562356,3.85714285714286
28,pr2,0.6,88,0.989877478756263,0.989175367936189,0.947049951384715,1.02818359471408,4
28,pr4,0.6,95,0.948556917551043,0.947863099508318,0.913623323394098,0.979032634211798,4
28,pr6,0.6,95,0.87330511029202,0.873492015893612,0.845265790813216,0.902008032368787,4
28,pr8,0.6,90,0.810087838796733,0.812830099871265,0.766407802232726,0.843893677896086,4
29,pr2,0.6,88,0.986290168360358,0.985097030699257,0.944772129806857,1.02366712940433,4.14285714285714
29,pr4,0.6,95,0.9470909688224,0.94725074199796,0.915329167099909,0.976865848614455,4.14285714285714
29,pr6,0.6,95,0.871834162338255,0.872005754522946,0.841996626518404,0.898113302666734,4.14285714285714
29,pr8,0.6,90,0.803950620472174,0.80853491040991,0.762085758891894,0.83939013499193,4.14285714285714
30,pr2,0.6,88,0.982658936145623,0.980784035444225,0.945723601778257,1.02056707518231,4.28571428571429
30,pr4,0.6,95,0.945574945432631,0.946508994855241,0.917891596309005,0.974151340199534,4.28571428571429
30,pr6,0.6,95,0.870292892720874,0.869844419200728,0.842023868413835,0.896147367365567,4.28571428571429
30,pr8,0.6,90,0.797911487054783,0.800060086434892,0.759054997027612,0.834452038244567,4.28571428571429
31,pr2,0.6,88,0.978995779237225,0.976847407137189,0.945044923750494,1.01989534949349,4.42857142857143
31,pr4,0.6,95,0.944035177549773,0.944162663240003,0.919903711557623,0.974517650784256,4.42857142857143
31,pr6,0.6,95,0.868709498235664,0.86969260823118,0.839391448038409,0.893428280198196,4.42857142857143
31,pr8,0.6,90,0.791894519245628,0.793056599200833,0.752819927875726,0.828307268382471,4.42857142857143
32,pr2,0.6,88,0.975326951673342,0.973616887467274,0.940217640466917,1.01622860395633,4.57142857142857
32,pr4,0.6,95,0.94250673702865,0.942819743054145,0.91678189416508,0.975528903858583,4.57142857142857
32,pr6,0.6,95,0.867181832942562,0.870809800233315,0.837816631757702,0.892006703106917,4.57142857142857
32,pr8,0.6,90,0.785825144336328,0.786750669964724,0.73938933600477,0.828158488319849,4.57142857142857
33,pr2,0.6,88,0.971690286569651,0.968242507842087,0.935539562180464,1.00917379983988,4.71428571428571
33,pr4,0.6,95,0.941040018704186,0.94091337896452,0.913526778647802,0.97272058345879,4.71428571428571
33,pr6,0.6,95,0.865693656883456,0.868234719791169,0.833229529690033,0.895029999180411,4.71428571428571
33,pr8,0.6,90,0.779753631215539,0.779554125647161,0.733758882700672,0.822766849479199,4.71428571428571
34,pr2,0.6,88,0.968154005352131,0.96525243870268,0.930224138167551,1.00597368656916,4.85714285714286
34,pr4,0.6,95,0.939682378105991,0.938915416951365,0.910267192725236,0.97340232473636,4.85714285714286
34,pr6,0.6,95,0.864326183769651,0.865824967440241,0.830595200617922,0.894786963180418,4.85714285714286
34,pr8,0.6,90,0.773706429364128,0.77170621844525,0.732166735296123,0.818663372370024,4.85714285714286
35,pr2,0.6,88,0.964752778163121,0.961222612641476,0.923164687035005,1.0017391816915,5
35,pr4,0.6,95,0.93842998408805,0.939850914109063,0.906751213380853,0.974023672220557,5
35,pr6,0.6,95,0.863254352770968,0.865077245595047,0.828838434667627,0.894824868868586,5
35,pr8,0.6,90,0.767869871820451,0.763474036493454,0.72642703548082,0.808782243307693,5
36,pr2,0.6,88,0.961522624326794,0.960767390467628,0.916672718311602,1.00083874842923,5.14285714285714
36,pr4,0.6,95,0.937356055779904,0.938245187911377,0.902559096695721,0.974872645682628,5.14285714285714
36,pr6,0.6,95,0.862483811935727,0.863625906777175,0.82866764602047,0.897283024136,5.14285714285714
36,pr8,0.6,90,0.762676719291205,0.760934365823745,0.719881177784441,0.808340897072187,5.14285714285714
37,pr2,0.6,88,0.958399266952779,0.960028755403498,0.910972787456735,0.996708407895533,5.28571428571429
37,pr4,0.6,95,0.936448950634408,0.937347349999633,0.898291727792905,0.975756670459285,5.28571428571429
37,pr6,0.6,95,0.862114751261343,0.863096722212736,0.827934095094506,0.900483143931541,5.28571428571429
37,pr8,0.6,90,0.758233638566969,0.757299984134556,0.712176448881826,0.801531016037857,5.28571428571429
38,pr2,0.6,88,0.955293953539401,0.956313217969097,0.909202137712715,0.991250289335258,5.42857142857143
38,pr4,0.6,95,0.935598150345435,0.934119420042371,0.894834960883596,0.975025163194314,5.42857142857143
38,pr6,0.6,95,0.861946751243754,0.864368446177454,0.823427354771527,0.899214767370419,5.42857142857143
38,pr8,0.6,90,0.754645381698913,0.754326716960739,0.706101784137169,0.799386721544733,5.42857142857143
39,pr2,0.6,88,0.952126336841616,0.953279502246564,0.908294043975951,0.987766436195483,5.57142857142857
39,pr4,0.6,95,0.934738925133973,0.934483872218476,0.893836186667276,0.972221049578375,5.57142857142857
39,pr6,0.6,95,0.86191763242612,0.861810944788109,0.820882288536674,0.900905764469474,5.57142857142857
39,pr8,0.6,90,0.751750414228107,0.750769448880338,0.700205903005126,0.79715987865327,5.57142857142857
40,pr2,0.6,88,0.948858262023229,0.952491401439786,0.904224611142021,0.988061878541831,5.71428571428571
40,pr4,0.6,95,0.93382554321178,0.932778155646799,0.894380180208708,0.971026186764837,5.71428571428571
40,pr6,0.6,95,0.861796956034509,0.861116767685258,0.820534529935952,0.902507736519234,5.71428571428571
40,pr8,0.6,90,0.749374760171749,0.751610508377273,0.695354899395084,0.803263735094679,5.71428571428571
41,pr2,0.6,88,0.945520817437203,0.950013638266281,0.899233968618854,0.985979352582748,5.85714285714286
41,pr4,0.6,95,0.932852004955723,0.931231690873065,0.895011498468198,0.974797967476954,5.85714285714286
41,pr6,0.6,95,0.861600643890015,0.858236615209438,0.821668759762145,0.90124925234856,5.85714285714286
41,pr8,0.6,90,0.747509707266782,0.744062934413095,0.697148199638455,0.803203978796568,5.85714285714286
42,pr2,0.6,88,0.942179472228889,0.947424478876327,0.89467117745508,0.983548530047764,6
42,pr4,0.6,95,0.931803038508786,0.931300214767421,0.896122009659332,0.970942905612831,6
42,pr6,0.6,95,0.861294484292633,0.858678522107113,0.822338095573272,0.901163998614188,6
42,pr8,0.6,90,0.746093639493602,0.7443578952038,0.694148894451189,0.805388801894385,6
43,pr2,0.6,88,0.938895688352417,0.944216581158639,0.892402040876559,0.979324103286524,6.14285714285714
43,pr4,0.6,95,0.930720430392484,0.931684745251118,0.895474086042377,0.967705300278794,6.14285714285714
43,pr6,0.6,95,0.860913331739333,0.858115520167947,0.824681898766885,0.901668154137696,6.14285714285714
43,pr8,0.6,90,0.744741050214024,0.740370893590517,0.691636036005192,0.803851026069848,6.14285714285714
44,pr2,0.6,88,0.935652341374179,0.940971227528655,0.894808813617689,0.973752145527843,6.28571428571429
44,pr4,0.6,95,0.929658011500375,0.932201127702121,0.893029665926571,0.963999238066886,6.28571428571429
44,pr6,0.6,95,0.86058811795767,0.856782497616783,0.826433240949856,0.902587222954734,6.28571428571429
44,pr8,0.6,90,0.743638315976601,0.743317937921009,0.687996364435371,0.799975554378743,6.28571428571429
45,pr2,0.6,88,0.932476925364588,0.936561084969119,0.89550760255823,0.968632806634704,6.42857142857143
45,pr4,0.6,95,0.928583355208727,0.929079956623149,0.893627896827338,0.960819487969224,6.42857142857143
45,pr6,0.6,95,0.860290008204049,0.858707214557107,0.826977564625469,0.902207524520777,6.42857142857143
45,pr8,0.6,90,0.74276508510836,0.743301249738311,0.687065218197016,0.797251900604482,6.42857142857143
46,pr2,0.6,88,0.929348973234438,0.931945798148588,0.893851152976743,0.963037908579901,6.57142857142857
46,pr4,0.6,95,0.927497749633421,0.929169180962115,0.895607122015732,0.955603060869124,6.57142857142857
46,pr6,0.6,95,0.859984548313933,0.859254406137174,0.831049648566054,0.898360201677355,6.57142857142857
46,pr8,0.6,90,0.742166179875277,0.740332966151316,0.686733355335413,0.800113593572948,6.57142857142857
47,pr2,0.6,88,0.926264893799621,0.928013841117092,0.890472596911748,0.95861270934305,6.71428571428571
47,pr4,0.6,95,0.926381005530329,0.926423776111236,0.896102477238721,0.953120376394287,6.71428571428571
47,pr6,0.6,95,0.859588750545574,0.857753773361764,0.83027088850028,0.895260849236767,6.71428571428571
47,pr8,0.6,90,0.74163828707383,0.74183847188757,0.683009398608098,0.796512746848312,6.71428571428571
48,pr2,0.6,88,0.92325688685551,0.924882000465427,0.886062700358463,0.957109311594849,6.85714285714286
48,pr4,0.6,95,0.925241404203742,0.925207959030355,0.89704614515408,0.950577902146293,6.85714285714286
48,pr6,0.6,95,0.859160675700404,0.858515708865902,0.829836884885258,0.890127529920665,6.85714285714286
48,pr8,0.6,90,0.741386566308018,0.741004845187699,0.686852824125514,0.794446475979342,6.85714285714286
49,pr2,0.6,88,0.920338008616167,0.921919916225377,0.885352001404372,0.954858896444142,7
49,pr4,0.6,95,0.92412601916546,0.923195447006786,0.900448759029649,0.949104967771177,7
49,pr6,0.6,95,0.858645084868106,0.859601630118881,0.829226254715086,0.885118104478786,7
49,pr8,0.6,90,0.741013912476225,0.743561197106241,0.689842519770168,0.790949478798883,7
50,pr2,0.6,88,0.917520683584082,0.919815876937868,0.881457897112226,0.950863119565601,7.14285714285714
50,pr4,0.6,95,0.923019523918191,0.923389292281463,0.899876484498702,0.950657485057152,7.14285714285714
50,pr6,0.6,95,0.858177769089045,0.859115668901181,0.830162327241783,0.88244023992994,7.14285714285714
50,pr8,0.6,90,0.74082790941959,0.741254604240883,0.690122619400063,0.787688637019897,7.14285714285714
51,pr2,0.6,88,0.914783645506698,0.916643198093366,0.878898745848512,0.946982955378231,7.28571428571429
51,pr4,0.6,95,0.921997318646171,0.922291909392918,0.897675240981409,0.949682783265995,7.28571428571429
51,pr6,0.6,95,0.857669275885217,0.858854979679373,0.831551005454345,0.880932789779739,7.28571428571429
51,pr8,0.6,90,0.740778259107555,0.740981545042077,0.697612182889786,0.790257392968754,7.28571428571429
52,pr2,0.6,88,0.912124672089806,0.914140678763374,0.876544069573305,0.943424728945108,7.42857142857143
52,pr4,0.6,95,0.92101472936438,0.920839093556355,0.893975246238864,0.950025915578874,7.42857142857143
52,pr6,0.6,95,0.85714948346837,0.858789854737118,0.828190961515526,0.880013579025778,7.42857142857143
52,pr8,0.6,90,0.740517100309573,0.74233187993113,0.697075435844737,0.792751906236859,7.42857142857143
53,pr2,0.6,88,0.909557835191907,0.910787802515698,0.873115087252934,0.94156602297187,7.57142857142857
53,pr4,0.6,95,0.920028951676879,0.919850569263023,0.891059641394456,0.947797614055445,7.57142857142857
53,pr6,0.6,95,0.856704151256805,0.858432590810489,0.823734330042095,0.882924070748515,7.57142857142857
53,pr8,0.6,90,0.740153706511399,0.740221236073016,0.691037041265538,0.789838947189073,7.57142857142857
54,pr2,0.6,88,0.907138802996131,0.908633905058162,0.8727924911054,0.939042187021758,7.71428571428571
54,pr4,0.6,95,0.919097956329116,0.919650772351589,0.886851331456791,0.948449618833425,7.71428571428571
54,pr6,0.6,95,0.85632811056611,0.860462195898631,0.821174805110288,0.88471405140521,7.71428571428571
54,pr8,0.6,90,0.739872998609794,0.742669249022522,0.684245440471449,0.793900343137871,7.71428571428571
55,pr2,0.6,88,0.904889865973126,0.907366164298051,0.870264124569104,0.935534695397351,7.85714285714286
55,pr4,0.6,95,0.918294747385086,0.918624466430115,0.885588024292106,0.947280367696993,7.85714285714286
55,pr6,0.6,95,0.856112847491214,0.859821040698609,0.815228576391305,0.887430668173393,7.85714285714286
55,pr8,0.6,90,0.739715368907447,0.74043420520665,0.680891767304686,0.789447870216001,7.85714285714286
56,pr2,0.6,88,0.902818200663856,0.906151477174661,0.867487902850715,0.934000088734716,8
56,pr4,0.6,95,0.917619342775293,0.9195472628408,0.882901594284473,0.946565998744523,8
56,pr6,0.6,95,0.856121410535567,0.859786363965982,0.814403547511646,0.889456819596443,8
56,pr8,0.6,90,0.74005779482967,0.741209552065935,0.681420013723745,0.79316602686423,8
57,pr2,0.6,88,0.900865498179714,0.903375113771253,0.86373912510599,0.933593486982283,8.14285714285714
57,pr4,0.6,95,0.917113758339126,0.917528806955087,0.883178179836776,0.948537989110383,8.14285714285714
57,pr6,0.6,95,0.856315628356412,0.86191510674267,0.816071793514389,0.889973209864742,8.14285714285714
57,pr8,0.6,90,0.741141978192685,0.741893296883851,0.683020331045305,0.795669146104419,8.14285714285714
58,pr2,0.6,88,0.899005135562046,0.903203795041634,0.860650261714458,0.931775747412016,8.28571428571429
58,pr4,0.6,95,0.91671135916011,0.918922800943942,0.884255352124141,0.947119142921091,8.28571428571429
58,pr6,0.6,95,0.856653914910001,0.860115562924109,0.814059383415624,0.892432221841488,8.28571428571429
58,pr8,0.6,90,0.742920024747206,0.744101513283024,0.683067923645364,0.793784800854172,8.28571428571429
59,pr2,0.6,88,0.897235159872018,0.900533084547038,0.859449302753633,0.930469586095802,8.42857142857143
59,pr4,0.6,95,0.916353189544085,0.918537680300977,0.884149953675898,0.945817394480203,8.42857142857143
59,pr6,0.6,95,0.857065399127867,0.859923289303979,0.813555048955507,0.893201083554009,8.42857142857143
59,pr8,0.6,90,0.744974040538471,0.751326328544162,0.679749453018748,0.792765629247342,8.42857142857143
60,pr2,0.6,88,0.895491701808948,0.898994074755957,0.858873976382444,0.926023677310283,8.57142857142857
60,pr4,0.6,95,0.916008273049222,0.91803925989816,0.884865784529416,0.947764681521106,8.57142857142857
60,pr6,0.6,95,0.857430178814128,0.85741577052635,0.815968028168526,0.891556356563146,8.57142857142857
60,pr8,0.6,90,0.747671370647801,0.751212095143634,0.676986954245118,0.795526217808093,8.57142857142857
61,pr2,0.6,88,0.893772865781358,0.896519211867221,0.855811417849964,0.922374242993167,8.71428571428571
61,pr4,0.6,95,0.915702814576843,0.917091575563736,0.88362963913357,0.948535837532846,8.71428571428571
61,pr6,0.6,95,0.857826017930842,0.859551847432698,0.82157557375282,0.890739790058155,8.71428571428571
61,pr8,0.6,90,0.750067216901835,0.756936030865965,0.689095118396975,0.799446850248106,8.71428571428571
62,pr2,0.6,88,0.892095081036915,0.894049274857905,0.853782845622682,0.920231920295823,8.85714285714286
62,pr4,0.6,95,0.915404548966002,0.917416859441761,0.879957839861238,0.94540415827399,8.85714285714286
62,pr6,0.6,95,0.858209353388946,0.860437563850876,0.824955440827924,0.889768976315577,8.85714285714286
62,pr8,0.6,90,0.753083753855542,0.759359425712881,0.689972684283578,0.804056860289623,8.85714285714286
63,pr2,0.6,88,0.890387296102083,0.892223281893304,0.853169183092647,0.921139459614184,9
63,pr4,0.6,95,0.915039460420813,0.91778162370246,0.881812384495108,0.943188064971173,9
63,pr6,0.6,95,0.858480919989053,0.858533753962034,0.826102374927696,0.889496607691587,9
63,pr8,0.6,90,0.755611912735186,0.758464749378372,0.687687340729569,0.810585534158605,9
64,pr2,0.6,88,0.88863467716363,0.889413196059628,0.852154252641168,0.920299613042407,9.14285714285714
64,pr4,0.6,95,0.914569759213605,0.916502263301661,0.882710744421937,0.940339132137776,9.14285714285714
64,pr6,0.6,95,0.858532461986298,0.857746908909774,0.828422104563391,0.888025778595362,9.14285714285714
64,pr8,0.6,90,0.758506804431478,0.756267969344733,0.690148193112035,0.81529461081033,9.14285714285714
65,pr2,0.6,88,0.886856587820083,0.888822783749862,0.850585572018715,0.920359733509158,9.28571428571429
65,pr4,0.6,95,0.913934512582715,0.915544599700072,0.886373160520833,0.937968547268503,9.28571428571429
65,pr6,0.6,95,0.858388488456452,0.858666485471209,0.829325084967626,0.887032522980162,9.28571428571429
65,pr8,0.6,90,0.761103645681065,0.760701304798471,0.696287955727397,0.817943391962541,9.28571428571429
66,pr2,0.6,88,0.885054755720076,0.885329718613908,0.851731856612444,0.91931377927063,9.42857142857143
66,pr4,0.6,95,0.913181775240278,0.914028087981981,0.889059137814157,0.939145413289629,9.42857142857143
66,pr6,0.6,95,0.858094826243677,0.85819930237241,0.834876453864687,0.885079785786053,9.42857142857143
66,pr8,0.6,90,0.763786103877414,0.763683075010366,0.703719610877173,0.824945679961444,9.42857142857143
67,pr2,0.6,88,0.883280476831184,0.884254155503989,0.852717400231488,0.91811647550861,9.57142857142857
67,pr4,0.6,95,0.912320599957295,0.912725880604216,0.889051871545524,0.93762420726279,9.57142857142857
67,pr6,0.6,95,0.857600496690582,0.857626566455755,0.831932124310732,0.883268571544122,9.57142857142857
67,pr8,0.6,90,0.766241687452383,0.763441081147747,0.707241299312159,0.840272719305523,9.57142857142857
68,pr2,0.6,88,0.881547309842313,0.880897243124696,0.853610517324889,0.91513487633445,9.71428571428571
68,pr4,0.6,95,0.911491008451168,0.910470796270439,0.890039610110872,0.937560329741397,9.71428571428571
68,pr6,0.6,95,0.85712711564149,0.858518781356415,0.830081619081349,0.8818009169229,9.71428571428571
68,pr8,0.6,90,0.7682216402932,0.769326256001053,0.711091492937761,0.840705617427732,9.71428571428571
69,pr2,0.6,88,0.879860243160481,0.878304866747422,0.849762530538594,0.912283963320578,9.85714285714286
69,pr4,0.6,95,0.910689720949758,0.909274753980479,0.889817927852962,0.936218646548754,9.85714285714286
69,pr6,0.6,95,0.856702241123368,0.858068822502496,0.824713647176675,0.881954904637268,9.85714285714286
69,pr8,0.6,90,0.770744486213898,0.771061724306491,0.71171548791677,0.835230203167363,9.85714285714286
70,pr2,0.6,88,0.878206649426017,0.877108307306276,0.84635204768655,0.908327950986529,10
70,pr4,0.6,95,0.909895649059376,0.907408658787369,0.886675364635744,0.935688315470666,10
70,pr6,0.6,95,0.856286525144609,0.859113038395716,0.824914149654303,0.883617902805435,10
70,pr8,0.6,90,0.772762433583174,0.771894484865008,0.712899410915368,0.833994695897499,10
71,pr2,0.6,88,0.876660044403429,0.877488191508329,0.844094546311439,0.907523977242817,10.1428571428571
71,pr4,0.6,95,0.909182399932727,0.906698439024849,0.882213974597904,0.934398008147632,10.1428571428571
71,pr6,0.6,95,0.85599898054117,0.860572471861225,0.824371159001668,0.884182342555185,10.1428571428571
71,pr8,0.6,90,0.775147987987932,0.771571667571476,0.713432510131769,0.839195826491441,10.1428571428571
72,pr2,0.6,88,0.875289700861179,0.876201238148821,0.841928301737026,0.905169570499386,10.2857142857143
72,pr4,0.6,95,0.908569671414661,0.905914774296126,0.879654181402014,0.933651310744855,10.2857142857143
72,pr6,0.6,95,0.855810199523661,0.85785460725785,0.822658373786301,0.885068854458721,10.2857142857143
72,pr8,0.6,90,0.777989041056617,0.774663846013343,0.721553939560303,0.843856873322708,10.2857142857143
73,pr2,0.6,88,0.874123900889157,0.875685431359441,0.840897557578873,0.902215931630297,10.4285714285714
73,pr4,0.6,95,0.908078308997449,0.908073125094216,0.877647837804286,0.935716427917197,10.4285714285714
73,pr6,0.6,95,0.855861662991776,0.859331819449328,0.821096737327362,0.887744030878351,10.4285714285714
73,pr8,0.6,90,0.780924904217527,0.777329027455272,0.719285197467582,0.853871849461746,10.4285714285714
74,pr2,0.6,88,0.873157718231129,0.874904466915417,0.840003473600277,0.901499624508319,10.5714285714286
74,pr4,0.6,95,0.907710351737429,0.908702759360212,0.877777747930425,0.936579422944257,10.5714285714286
74,pr6,0.6,95,0.856065204266257,0.859388353245468,0.820849607068424,0.890928216467254,10.5714285714286
74,pr8,0.6,90,0.78376126889961,0.78176027401469,0.712888302261033,0.867420641652634,10.5714285714286
75,pr2,0.6,88,0.872365410974363,0.874065205777543,0.840736966901744,0.899171120906932,10.7142857142857
75,pr4,0.6,95,0.907469350654273,0.908079154835154,0.876276202600231,0.934791736950196,10.7142857142857
75,pr6,0.6,95,0.856462528141644,0.85916815920278,0.819615300729706,0.889030044267856,10.7142857142857
75,pr8,0.6,90,0.787211493198571,0.783418605897157,0.714524240153183,0.866217040113989,10.7142857142857
76,pr2,0.6,88,0.871629777953899,0.87188066820529,0.839226109319567,0.900486838510081,10.8571428571429
76,pr4,0.6,95,0.907273033718307,0.910678783714544,0.873767360915718,0.932385680596336,10.8571428571429
76,pr6,0.6,95,0.856978438954232,0.859153696782512,0.821308226574669,0.890442949268538,10.8571428571429
76,pr8,0.6,90,0.790374653634505,0.787434868899133,0.709801056642349,0.874315188556455,10.8571428571429
77,pr2,0.6,88,0.870889641901281,0.872637096909251,0.836642812796155,0.902969427949083,11
77,pr4,0.6,95,0.907082130133759,0.909313659175173,0.87346577750565,0.931562650652987,11
77,pr6,0.6,95,0.857332230873516,0.859697203484059,0.820146290553371,0.888632903198138,11
77,pr8,0.6,90,0.793280249935726,0.795783489456352,0.709158058217375,0.880116013873616,11
78,pr2,0.6,88,0.870152134302295,0.871570906154708,0.835778546442565,0.901072895688099,11.1428571428571
78,pr4,0.6,95,0.906875688720734,0.907827787891933,0.875893276175111,0.932221854971321,11.1428571428571
78,pr6,0.6,95,0.857598786508713,0.858166116422658,0.81792941583378,0.89032654168014,11.1428571428571
78,pr8,0.6,90,0.79685395834506,0.799766649102653,0.704712011900097,0.888652274687503,11.1428571428571
79,pr2,0.6,88,0.869408191833834,0.869567284506475,0.834613309650841,0.900165955676864,11.2857142857143
79,pr4,0.6,95,0.9066972496281,0.908343079920099,0.875907507912519,0.933129985309817,11.2857142857143
79,pr6,0.6,95,0.85786735243136,0.860378293085109,0.818059137479362,0.890231066604954,11.2857142857143
79,pr8,0.6,90,0.801134337989607,0.801045725458234,0.708618861668619,0.901416760085621,11.2857142857143
80,pr2,0.6,88,0.868711806463543,0.86773539511591,0.833692266341535,0.900767445862497,11.4285714285714
80,pr4,0.6,95,0.906560459424163,0.907710704220916,0.875420679748975,0.934378591419985,11.4285714285714
80,pr6,0.6,95,0.858174748470132,0.861288745795743,0.822505445596251,0.889788925875845,11.4285714285714
80,pr8,0.6,90,0.806901143938572,0.798156905937628,0.714476275796719,0.906220155269243,11.4285714285714
81,pr2,0.6,88,0.86808775840319,0.866141211683688,0.831892356230776,0.899542160231055,11.5714285714286
81,pr4,0.6,95,0.906478144552242,0.907305843757749,0.873944211689087,0.93240105246005,11.5714285714286
81,pr6,0.6,95,0.85862176173266,0.860192176126994,0.825544276465306,0.891031176235828,11.5714285714286
81,pr8,0.6,90,0.81304520131611,0.802068192435858,0.718372021956651,0.91086581213199,11.5714285714286
82,pr2,0.6,88,0.867525461911947,0.868146885858488,0.831721462587794,0.899570482029628,11.7142857142857
82,pr4,0.6,95,0.906377396669167,0.907957757377977,0.874614333654063,0.930420261650304,11.7142857142857
82,pr6,0.6,95,0.859252688227334,0.860969340789868,0.82709898749779,0.891098507942127,11.7142857142857
82,pr8,0.6,90,0.819742760576906,0.810638860473517,0.720703247140392,0.93346122059812,11.7142857142857
83,pr2,0.6,88,0.866963237995747,0.867006588053652,0.833687390666414,0.8998060116149,11.8571428571429
83,pr4,0.6,95,0.906165122001485,0.908146899776409,0.877199534344707,0.931625541636152,11.8571428571429
83,pr6,0.6,95,0.859713381307745,0.860305265089592,0.830878478815116,0.89117127758318,11.8571428571429
83,pr8,0.6,90,0.827467552309791,0.815887158301315,0.71821559140536,0.949457133464088,11.8571428571429
84,pr2,0.6,88,0.866341939007767,0.868046621240397,0.833028709100972,0.900126328796499,12
84,pr4,0.6,95,0.905824831260258,0.905779304522604,0.878507709492649,0.931684159171793,12
84,pr6,0.6,95,0.859892334368531,0.860325058803408,0.83126108498901,0.889123379525716,12
84,pr8,0.6,90,0.836062736447125,0.820507589830738,0.726050630189888,0.987497874600337,12
85,pr2,0.6,88,0.865679677197025,0.866951186484418,0.834851924207746,0.898372132044621,12.1428571428571
85,pr4,0.6,95,0.90532606856636,0.903841639003924,0.880034159767776,0.933293379710321,12.1428571428571
85,pr6,0.6,95,0.859796344257727,0.85964096377672,0.829023725014184,0.888833601261416,12.1428571428571
85,pr8,0.6,90,0.843523786359342,0.824325476825099,0.723539462047976,1.00416990769695,12.1428571428571
86,pr2,0.6,88,0.864898051181312,0.865465444836966,0.836704897927853,0.896182592461486,12.2857142857143
86,pr4,0.6,95,0.904734833828514,0.904002909146821,0.877920720620912,0.933658857168457,12.2857142857143
86,pr6,0.6,95,0.859576326094758,0.859982971749286,0.829580168532761,0.886690713326942,12.2857142857143
86,pr8,0.6,90,0.851216454122437,0.826019401983628,0.725358541658538,1.03872769073025,12.2857142857143
87,pr2,0.6,88,0.864008140395511,0.865260117088546,0.832941060944444,0.896364044625685,12.4285714285714
87,pr4,0.6,95,0.90410864364048,0.902851052321768,0.876284543341167,0.934320947980185,12.4285714285714
87,pr6,0.6,95,0.859232357218866,0.86062960345687,0.830345311682881,0.88482048502812,12.4285714285714
87,pr8,0.6,90,0.858768217508033,0.835944884602392,0.736922937110045,1.08075903400386,12.4285714285714
88,pr2,0.6,88,0.863096005451915,0.865175552859467,0.828566556511448,0.894445045836456,12.5714285714286
88,pr4,0.6,95,0.903534004738099,0.901082756689914,0.876006944349548,0.933730296670314,12.5714285714286
88,pr6,0.6,95,0.858877236023311,0.860486867301466,0.82556448183969,0.886836670651147,12.5714285714286
88,pr8,0.6,90,0.866569279560191,0.850544461952163,0.743032751317957,1.087594421461,12.5714285714286
89,pr2,0.6,88,0.862240905460077,0.864428613619532,0.825490102406442,0.89210873213409,12.7142857142857
89,pr4,0.6,95,0.903029089454389,0.902408065927955,0.875567583635185,0.93153051289729,12.7142857142857
89,pr6,0.6,95,0.858616151459114,0.85906035274394,0.825461830285243,0.889719885452836,12.7142857142857
89,pr8,0.6,90,0.874337323489827,0.85529558571747,0.739278026627922,1.09288032843395,12.7142857142857
90,pr2,0.6,88,0.861566416202731,0.864062263251648,0.825741612946291,0.890412192604788,12.8571428571429
90,pr4,0.6,95,0.902719367280964,0.901588791766519,0.87495226532749,0.930656228696026,12.8571428571429
90,pr6,0.6,95,0.858615795351247,0.861407939874505,0.824133569820724,0.89243692524488,12.8571428571429
90,pr8,0.6,90,0.882302147031794,0.859985097060956,0.750934738449338,1.0932686682748,12.8571428571429
91,pr2,0.6,88,0.861162931133323,0.86376077194346,0.828146153747462,0.888792062303545,13
91,pr4,0.6,95,0.902618792242229,0.902530037421948,0.875600795593151,0.93046582013318,13
91,pr6,0.6,95,0.858898619306061,0.861914957059788,0.819133486090276,0.893390513486878,13
91,pr8,0.6,90,0.891584495653711,0.87433319295044,0.754727139904401,1.11179542235972,13
92,pr2,0.6,88,0.860956293846552,0.862721248613024,0.827094055646363,0.886627888371958,13.1428571428571
92,pr4,0.6,95,0.902718130190036,0.902999835984223,0.873738717288297,0.931223107724542,13.1428571428571
92,pr6,0.6,95,0.85951046628727,0.862507853858634,0.819539910624524,0.892594671534075,13.1428571428571
92,pr8,0.6,90,0.901518643450795,0.876390239171863,0.76650254321727,1.12850995692574,13.1428571428571
93,pr2,0.6,88,0.860900193575988,0.863974859238468,0.82729123580731,0.884135344734862,13.2857142857143
93,pr4,0.6,95,0.902871577154012,0.903199097922525,0.871803354268792,0.93426551793357,13.2857142857143
93,pr6,0.6,95,0.860175683682457,0.860406980169827,0.819911809807221,0.89514521173715,13.2857142857143
93,pr8,0.6,90,0.912581894018517,0.887317042449221,0.770400068701785,1.12138407163073,13.2857142857143
94,pr2,0.6,88,0.860812078797783,0.862432587953519,0.826059041692787,0.886294351158784,13.4285714285714
94,pr4,0.6,95,0.903013070178176,0.902781135543382,0.870083050125848,0.937449293516645,13.4285714285714
94,pr6,0.6,95,0.860749752868324,0.861646288264743,0.81815602433489,0.897986867196114,13.4285714285714
94,pr8,0.6,90,0.925106672933996,0.899920100129652,0.760234494199327,1.14686416819288,13.4285714285714
95,pr2,0.6,88,0.86060942424206,0.860526220186542,0.827893204032008,0.885738481442649,13.5714285714286
95,pr4,0.6,95,0.903043638690782,0.902724426483558,0.871557930491296,0.937918810344436,13.5714285714286
95,pr6,0.6,95,0.861144983832818,0.86246226289478,0.816967100909845,0.900045195354421,13.5714285714286
95,pr8,0.6,90,0.94006058953804,0.915290455300036,0.769367147777268,1.2076428671813,13.5714285714286
96,pr2,0.6,88,0.860215455736731,0.859869693657704,0.830500620203942,0.882611276418714,13.7142857142857
96,pr4,0.6,95,0.902928274038168,0.904370447950474,0.871812449072691,0.93513081513165,13.7142857142857
96,pr6,0.6,95,0.861313003420654,0.861819370251766,0.815345572834828,0.903292788172822,13.7142857142857
96,pr8,0.6,90,0.955384440370904,0.925776234722983,0.781003650236394,1.23480677992452,13.7142857142857
97,pr2,0.6,88,0.859688273066504,0.859633923103315,0.830079385673701,0.884370558886313,13.8571428571429
97,pr4,0.6,95,0.902676987841824,0.904071307182254,0.872180528335687,0.933836058329863,13.8571428571429
97,pr6,0.6,95,0.861356383860673,0.86204589456102,0.817428621623569,0.904719236782392,13.8571428571429
97,pr8,0.6,90,0.970885132089867,0.945280049218678,0.791160981460997,1.23517921327206,13.8571428571429
98,pr2,0.6,88,0.859103986012391,0.858460087448735,0.829071070428918,0.886403250397231,14
98,pr4,0.6,95,0.902379967180335,0.901405631647769,0.873404825480406,0.931039999733594,14
98,pr6,0.6,95,0.861299478288165,0.8611680801816,0.816135905886031,0.902956437403197,14
98,pr8,0.6,90,0.988669630365172,0.949579991409616,0.798128914437919,1.25785004349328,14
99,pr2,0.6,88,0.858442731192375,0.857100459656252,0.829290257184568,0.887213268264343,14.1428571428571
99,pr4,0.6,95,0.902029469834137,0.903530621359005,0.874716777069183,0.928234692399241,14.1428571428571
99,pr6,0.6,95,0.861384832709355,0.862141522030512,0.820719590634702,0.901766905645472,14.1428571428571
99,pr8,0.6,90,1.00727877595036,0.964533899255956,0.804202506268154,1.31695151937308,14.1428571428571
100,pr2,0.6,88,0.857803511738287,0.856589489134955,0.827472977828635,0.887309338941594,14.2857142857143
100,pr4,0.6,95,0.901712775576671,0.902299305378405,0.873768749077711,0.92686272351346,14.2857142857143
100,pr6,0.6,95,0.861528945386868,0.863761802111393,0.82516480839713,0.903194852895821,14.2857142857143
100,pr8,0.6,90,1.02752848791513,0.988822313166617,0.80430088532297,1.35664287862279,14.2857142857143
101,pr2,0.6,88,0.857167406036314,0.857604648592001,0.827789836144221,0.886312634028182,14.4285714285714
101,pr4,0.6,95,0.901332315235653,0.900400657989002,0.875692360936264,0.925065551937746,14.4285714285714
101,pr6,0.6,95,0.861632154611652,0.860871408998206,0.827808681729585,0.901210325671705,14.4285714285714
101,pr8,0.6,90,1.04744822150684,1.00141220093555,0.801884749593977,1.4206708153558,14.4285714285714
102,pr2,0.6,88,0.856565556098739,0.855718537354482,0.827261995680722,0.884255039022552,14.5714285714286
102,pr4,0.6,95,0.900895267980071,0.901455329899659,0.878391126412212,0.923760081534947,14.5714285714286
102,pr6,0.6,95,0.861698484461536,0.860257026119317,0.828422277769199,0.89733786563455,14.5714285714286
102,pr8,0.6,90,1.06852898281898,1.0131645803308,0.804391512195406,1.48920499236432,14.5714285714286
103,pr2,0.6,88,0.856052391901809,0.857112430896219,0.823715550428808,0.884053097994559,14.7142857142857
103,pr4,0.6,95,0.900416558527794,0.900469074894842,0.877888102979344,0.924688420530355,14.7142857142857
103,pr6,0.6,95,0.861510838776297,0.859204625640669,0.830481924832841,0.894500065821661,14.7142857142857
103,pr8,0.6,90,1.09223165083742,1.04340956731749,0.816345642197524,1.57367461961925,14.7142857142857
104,pr2,0.6,88,0.855536759730292,0.8561619993627,0.823493700032952,0.886166114983622,14.8571428571429
104,pr4,0.6,95,0.899929815970977,0.898791635517271,0.877799299609647,0.924482591883028,14.8571428571429
104,pr6,0.6,95,0.861245763304869,0.859338989680052,0.832416548532813,0.892697568016076,14.8571428571429
104,pr8,0.6,90,1.11735630677597,1.05804218203594,0.822224338691602,1.65608730235021,14.8571428571429
105,pr2,0.6,88,0.855045291797828,0.85500290106869,0.823564863920371,0.886413694997462,15
105,pr4,0.6,95,0.899535531805198,0.898824737646883,0.877645773130757,0.925407113149607,15
105,pr6,0.6,95,0.860849688219128,0.859269840436816,0.833200896916615,0.889746710917849,15
105,pr8,0.6,90,1.14311888924909,1.07258862049897,0.832640150228265,1.77830142573256,15
106,pr2,0.6,88,0.854569764886137,0.853661607213943,0.824727227840163,0.88496020063351,15.1428571428571
106,pr4,0.6,95,0.899155529012973,0.897953091793138,0.876958697230915,0.924625468286968,15.1428571428571
106,pr6,0.6,95,0.860629982879027,0.860701509368615,0.833014443552717,0.889740777574559,15.1428571428571
106,pr8,0.6,90,1.17006715239939,1.10004205717736,0.837926481146125,1.88550298575333,15.1428571428571
107,pr2,0.6,88,0.854078426837252,0.854915469224208,0.825584376351305,0.88337433185315,15.2857142857143
107,pr4,0.6,95,0.898777713206075,0.898732722439556,0.875486035783397,0.922192329436583,15.2857142857143
107,pr6,0.6,95,0.860434397948773,0.862454148885609,0.833688856702004,0.886289400438865,15.2857142857143
107,pr8,0.6,90,1.19840423157291,1.11386271846651,0.860580880017841,1.98254892437592,15.2857142857143
108,pr2,0.6,88,0.853617385796434,0.853477477940094,0.820830980615897,0.883471807481709,15.4285714285714
108,pr4,0.6,95,0.898479469640725,0.89825815173647,0.875895358819342,0.919546810380785,15.4285714285714
108,pr6,0.6,95,0.860286639935896,0.861075257911835,0.831592097552293,0.886747737194299,15.4285714285714
108,pr8,0.6,90,1.23043597256863,1.13488452205998,0.864139582920696,2.02941060530661,15.4285714285714
109,pr2,0.6,88,0.853288816175884,0.853868212534984,0.819537951736286,0.882902869362293,15.5714285714286
109,pr4,0.6,95,0.898306864894809,0.900435738473727,0.875724762844558,0.919866128003204,15.5714285714286
109,pr6,0.6,95,0.860462787647155,0.862807682858206,0.832140586529906,0.890038482577358,15.5714285714286
109,pr8,0.6,90,1.26090568024386,1.16505021918365,0.87271152643836,2.05130132780281,15.5714285714286
110,pr2,0.6,88,0.853195233993859,0.854836724556522,0.82321324587136,0.880188836946461,15.7142857142857
110,pr4,0.6,95,0.898257916561738,0.898891999706373,0.87225525659915,0.922683263874025,15.7142857142857
110,pr6,0.6,95,0.860936459248066,0.861854578218136,0.827326369885096,0.891337775960085,15.7142857142857
110,pr8,0.6,90,1.29285527024168,1.20999130243685,0.903474622441598,2.08517665023527,15.7142857142857
111,pr2,0.6,88,0.853286403073489,0.855312687736154,0.826666439832209,0.878489106265565,15.8571428571429
111,pr4,0.6,95,0.898313028213035,0.899117882842088,0.87254196792569,0.922495544165384,15.8571428571429
111,pr6,0.6,95,0.861780743891282,0.861597497270715,0.82744178475029,0.892318019800938,15.8571428571429
111,pr8,0.6,90,1.32583782737362,1.24035675348049,0.910914136249164,2.12833622668523,15.8571428571429
112,pr2,0.6,88,0.853521443131582,0.854697241069459,0.824748064843712,0.878301003927819,16
112,pr4,0.6,95,0.898496872535602,0.899686218520201,0.87142353414373,0.922802033279821,16
112,pr6,0.6,95,0.862750636429138,0.8604233367737,0.827771710648194,0.894407938999941,16
112,pr8,0.6,90,1.35564895765658,1.26977372914636,0.923388934569634,2.15961851797346,16
113,pr2,0.6,88,0.853838997405091,0.854795552690376,0.820759988727087,0.879246771268955,16.1428571428571
113,pr4,0.6,95,0.89875236576553,0.899487188887808,0.869860325957994,0.92312298832118,16.1428571428571
113,pr6,0.6,95,0.863671781998482,0.862171190394498,0.829266019047286,0.897370062387016,16.1428571428571
113,pr8,0.6,90,1.38594053817279,1.28553867591237,0.949697263968636,2.21591048983414,16.1428571428571
114,pr2,0.6,88,0.854104560629196,0.856401823822439,0.822372000596288,0.880422179882337,16.2857142857143
114,pr4,0.6,95,0.898980092984303,0.900425660081291,0.869592257647028,0.922424989070657,16.2857142857143
114,pr6,0.6,95,0.864625992203761,0.865542890369504,0.828986169473131,0.897118398895094,16.2857142857143
114,pr8,0.6,90,1.4127909172871,1.29039177916515,0.974540344122703,2.28704347981274,16.2857142857143
115,pr2,0.6,88,0.854268346027221,0.855194620163554,0.824763545924184,0.880694205883146,16.4285714285714
115,pr4,0.6,95,0.899142889636133,0.900246178672886,0.86877963529842,0.922774128229836,16.4285714285714
115,pr6,0.6,95,0.865305747396172,0.867181113849171,0.830725785855609,0.898913010125915,16.4285714285714
115,pr8,0.6,90,1.43685023118457,1.29645716801488,0.985128876503492,2.35935642059065,16.4285714285714
116,pr2,0.6,88,0.854388900468965,0.854645779617773,0.825685207989744,0.881594634980293,16.5714285714286
116,pr4,0.6,95,0.899323620284659,0.900086801236786,0.868639571482889,0.923756588207314,16.5714285714286
116,pr6,0.6,95,0.865991553796386,0.86707939495441,0.830016030552425,0.89912003853325,16.5714285714286
116,pr8,0.6,90,1.46065994630457,1.32162209037713,0.974918603396746,2.45769741345519,16.5714285714286
117,pr2,0.6,88,0.8543394038545,0.853330246725932,0.826276544448751,0.883209973068165,16.7142857142857
117,pr4,0.6,95,0.899484821839024,0.901246069818172,0.865644362502304,0.92243183225972,16.7142857142857
117,pr6,0.6,95,0.866455772801756,0.868374861780896,0.837275043907145,0.899501093168121,16.7142857142857
117,pr8,0.6,90,1.48177956792859,1.38776187060178,0.974905778866175,2.5306645527904,16.7142857142857
118,pr2,0.6,88,0.854188862286662,0.853414911815053,0.82239011618404,0.885876174455784,16.8571428571429
118,pr4,0.6,95,0.899592491900866,0.901602768895813,0.869761309304022,0.921688076523291,16.8571428571429
118,pr6,0.6,95,0.866955890337829,0.868550901088384,0.835890945830801,0.900977073390042,16.8571428571429
118,pr8,0.6,90,1.50391128957646,1.42823718394202,0.988559983892698,2.57407632203416,16.8571428571429
119,pr2,0.6,88,0.85393702679632,0.854909876808885,0.826011143992219,0.885971379023878,17
119,pr4,0.6,95,0.899592862804249,0.901603858722956,0.870647661321955,0.92101942584421,17
119,pr6,0.6,95,0.867615490250253,0.867931453475968,0.836158378239899,0.901829829951108,17
119,pr8,0.6,90,1.5283557350788,1.44165975902062,1.01437065815441,2.59522745688737,17
120,pr2,0.6,88,0.853603591594213,0.855292465401062,0.824991999378732,0.88651943412928,17.1428571428571
120,pr4,0.6,95,0.899392991317207,0.89969130981181,0.873984573169276,0.921053699833144,17.1428571428571
120,pr6,0.6,95,0.868205901661611,0.867319378053502,0.837449432158293,0.900622916549767,17.1428571428571
120,pr8,0.6,90,1.55705464540409,1.48133846888212,1.0289806797723,2.61397670200687,17.1428571428571
121,pr2,0.6,88,0.853266556069894,0.853415374340511,0.823063281166325,0.885703806081016,17.2857142857143
121,pr4,0.6,95,0.898985651245478,0.898281110181776,0.877839873003572,0.920191990198817,17.2857142857143
121,pr6,0.6,95,0.868474971900492,0.866880752362784,0.838437915483103,0.897276992473357,17.2857142857143
121,pr8,0.6,90,1.58563166137816,1.54020268572504,1.03814455172339,2.63286759649494,17.2857142857143
122,pr2,0.6,88,0.852908618939285,0.852168545679775,0.823551241466996,0.885235296937121,17.4285714285714
122,pr4,0.6,95,0.89849233713221,0.896414579176589,0.876396862689104,0.922340998434911,17.4285714285714
122,pr6,0.6,95,0.868749351446211,0.868501839306617,0.841026575805946,0.901306992769183,17.4285714285714
122,pr8,0.6,90,1.61797948417094,1.55902256406979,1.04640868070649,2.64416282099088,17.4285714285714
123,pr2,0.6,88,0.852483242163339,0.851645615685602,0.824724698227727,0.884290596384677,17.5714285714286
123,pr4,0.6,95,0.897892798379317,0.896832581177989,0.875246666118318,0.923194242223733,17.5714285714286
123,pr6,0.6,95,0.868676116728104,0.870282720576466,0.835430094667054,0.89784360477626,17.5714285714286
123,pr8,0.6,90,1.65459349900838,1.59627166312642,1.05977629411189,2.64851910763196,17.5714285714286
124,pr2,0.6,88,0.852010984116421,0.853553170520473,0.822548727801911,0.880876040793735,17.7142857142857
124,pr4,0.6,95,0.897295310426543,0.897587018622765,0.87497038811919,0.923792269849846,17.7142857142857
124,pr6,0.6,95,0.86837226178111,0.869125025981124,0.828856118464378,0.897803495067954,17.7142857142857
124,pr8,0.6,90,1.69249645417925,1.68229908958508,1.07638471334656,2.65139831301788,17.7142857142857
125,pr2,0.6,88,0.851501068178461,0.852730176192156,0.821708873308103,0.879064854702911,17.8571428571429
125,pr4,0.6,95,0.896630121069371,0.896859606183964,0.874535020494838,0.921962254324587,17.8571428571429
125,pr6,0.6,95,0.867932294104324,0.872136898309897,0.823372281090619,0.898205461204759,17.8571428571429
125,pr8,0.6,90,1.7308548462793,1.71272367983224,1.10849282858465,2.65582826594695,17.8571428571429
126,pr2,0.6,88,0.851003391309311,0.852774811128655,0.818454590333234,0.876637930994075,18
126,pr4,0.6,95,0.896003975877786,0.89699587951383,0.873852405624023,0.918778209704307,18
126,pr6,0.6,95,0.867611427922084,0.869628484670542,0.822908939682143,0.902796519935254,18
126,pr8,0.6,90,1.76865296196792,1.75553480217705,1.12368786649101,2.65909815757128,18
127,pr2,0.6,88,0.850652516527835,0.85196236034119,0.817664605423721,0.875077552781314,18.1428571428571
127,pr4,0.6,95,0.895522579927199,0.89588416237876,0.871788624185663,0.916347069114612,18.1428571428571
127,pr6,0.6,95,0.867082256786062,0.870417943037008,0.82474170077106,0.903207056731589,18.1428571428571
127,pr8,0.6,90,1.80649391653708,1.72859204049895,1.10640035894615,2.6618473952363,18.1428571428571
128,pr2,0.6,88,0.850543862423579,0.853874989606538,0.821611722866849,0.874428992005579,18.2857142857143
128,pr4,0.6,95,0.895223261349524,0.896286102257981,0.868936244467592,0.915627963457831,18.2857142857143
128,pr6,0.6,95,0.866544832389561,0.86885253235344,0.819859029222702,0.902992129866528,18.2857142857143
128,pr8,0.6,90,1.84861614894131,1.76915280462122,1.14700430886646,2.66442860419657,18.2857142857143
129,pr2,0.6,88,0.850687371211955,0.852085124972235,0.823788164636766,0.871362747099961,18.4285714285714
129,pr4,0.6,95,0.895153342867132,0.895630767371797,0.866205126260118,0.917624500966838,18.4285714285714
129,pr6,0.6,95,0.866671608445454,0.868684173875736,0.816989292069181,0.902173767237649,18.4285714285714
129,pr8,0.6,90,1.89185198498027,1.80900997988155,1.23226151174022,2.66740375436382,18.4285714285714
130,pr2,0.6,88,0.850944476133929,0.854261227449189,0.822026072260855,0.872431443776651,18.5714285714286
130,pr4,0.6,95,0.895271701618793,0.896929883925502,0.865707979376812,0.92008727904537,18.5714285714286
130,pr6,0.6,95,0.866845533223302,0.86937081130431,0.82169272453512,0.906098357146278,18.5714285714286
130,pr8,0.6,90,1.93354269078347,1.86591484979134,1.28322679262576,2.67102339349113,18.5714285714286
131,pr2,0.6,88,0.85127600799921,0.853709557350637,0.821662255244491,0.871550567551962,18.7142857142857
131,pr4,0.6,95,0.89555424797572,0.896856563457608,0.864787905182574,0.921358705520012,18.7142857142857
131,pr6,0.6,95,0.867373807413724,0.869551792531509,0.817322703989924,0.910052275799582,18.7142857142857
131,pr8,0.6,90,1.97851193373687,1.92273367403449,1.31186208142553,2.67273213400643,18.7142857142857
132,pr2,0.6,88,0.85157820831883,0.852676134909721,0.820748738190854,0.874658832141365,18.8571428571429
132,pr4,0.6,95,0.895846293596271,0.897873836956518,0.865322419039858,0.921019439482307,18.8571428571429
132,pr6,0.6,95,0.868183401694659,0.869863598853146,0.825079525669338,0.909659067890577,18.8571428571429
132,pr8,0.6,90,2.02196163784582,1.95620400976128,1.34474280743383,2.67379578075314,18.8571428571429
133,pr2,0.6,88,0.851827046276655,0.851812115533473,0.823132028472755,0.875340045068394,19
133,pr4,0.6,95,0.8960527169481,0.895629883083304,0.868482182407886,0.920554572455175,19
133,pr6,0.6,95,0.868897662199351,0.869589900262404,0.825628312714479,0.909070010085871,19
133,pr8,0.6,90,2.0636205314606,2.00205200725857,1.40979264173099,2.67405150414469,19
134,pr2,0.6,88,0.851933775903938,0.849440473488534,0.824096957230108,0.880123401810107,19.1428571428571
134,pr4,0.6,95,0.896262516719637,0.89711313017953,0.872569217669676,0.922614122172127,19.1428571428571
134,pr6,0.6,95,0.86966697067896,0.870511622013003,0.82937764520155,0.910326783166886,19.1428571428571
134,pr8,0.6,90,2.10278096175913,2.0806137065857,1.46685513551602,2.67405740596462,19.1428571428571
135,pr2,0.6,88,0.852008642027814,0.848970619166801,0.827141093600254,0.880984114868348,19.2857142857143
135,pr4,0.6,95,0.896422365100981,0.896122676491733,0.870081900198194,0.923312841140068,19.2857142857143
135,pr6,0.6,95,0.870458659928118,0.871368656543916,0.831468271049877,0.906304011090329,19.2857142857143
135,pr8,0.6,90,2.13607844582683,2.1742161457707,1.43647492986066,2.67404773511936,19.2857142857143
136,pr2,0.6,88,0.851910154289913,0.849968501002327,0.826668630868543,0.881801233328218,19.4285714285714
136,pr4,0.6,95,0.896493871476196,0.896280988941052,0.871324761457288,0.922087565318072,19.4285714285714
136,pr6,0.6,95,0.87116849128331,0.870331998405758,0.82880062631608,0.910581057265529,19.4285714285714
136,pr8,0.6,90,2.16135921068605,2.17947345917384,1.44644425180615,2.67406031357214,19.4285714285714
137,pr2,0.6,88,0.851755727742791,0.852935914778873,0.826096631133637,0.879607839245705,19.5714285714286
137,pr4,0.6,95,0.896360903082566,0.896579808684658,0.871484748625271,0.920381536815404,19.5714285714286
137,pr6,0.6,95,0.871712143438108,0.872340549954945,0.825938136173381,0.919772659073663,19.5714285714286
137,pr8,0.6,90,2.18057101105381,2.22197996804856,1.47061213954442,2.67406024928367,19.5714285714286
138,pr2,0.6,88,0.851484465074979,0.851680743406168,0.822334360460081,0.878126458127372,19.7142857142857
138,pr4,0.6,95,0.896155111158566,0.896649882834151,0.871244548051945,0.918120160776245,19.7142857142857
138,pr6,0.6,95,0.872264220271252,0.871663554631397,0.820216362115572,0.922877707740575,19.7142857142857
138,pr8,0.6,90,2.19352754004438,2.26903304964774,1.4514603477503,2.67406029730395,19.7142857142857
139,pr2,0.6,88,0.85114461372646,0.851658245409281,0.821125911049642,0.876552416682555,19.8571428571429
139,pr4,0.6,95,0.895733804372677,0.895298452528424,0.869994177907193,0.918057724042945,19.8571428571429
139,pr6,0.6,95,0.872557110648886,0.871119215479828,0.817763781652491,0.927927362389829,19.8571428571429
139,pr8,0.6,90,2.20247467750814,2.24722838649829,1.42732950977647,2.67406031372186,19.8571428571429
140,pr2,0.6,88,0.850816776398507,0.85304963268062,0.819532179900518,0.87818060121659,20
140,pr4,0.6,95,0.895278076022048,0.894429701664291,0.871359445371449,0.917052748862475,20
140,pr6,0.6,95,0.872626287784835,0.870544676253912,0.815318642786211,0.936532366588849,20
140,pr8,0.6,90,2.210906111244,2.19682271864786,1.48797149248659,2.67406031372355,20
141,pr2,0.6,88,0.850389293310021,0.849296893904196,0.818930285991432,0.87961633979385,20.1428571428571
141,pr4,0.6,95,0.894772298741564,0.895958911667045,0.873024158010594,0.919637735002152,20.1428571428571
141,pr6,0.6,95,0.873212496801467,0.870874006378141,0.819473109361896,0.942012372048624,20.1428571428571
141,pr8,0.6,90,2.21859642749527,2.2379425832652,1.47812128409216,2.67406031351376,20.1428571428571
142,pr2,0.6,88,0.849961823296655,0.849421230916662,0.817962701345386,0.879698105833117,20.2857142857143
142,pr4,0.6,95,0.89431059656417,0.893879136970081,0.870227035795811,0.9221931081725,20.2857142857143
142,pr6,0.6,95,0.873525162653005,0.872523170589132,0.813709838580986,0.946283064335896,20.2857142857143
142,pr8,0.6,90,2.22585510825746,2.28713471170544,1.45816889827209,2.67406031367903,20.2857142857143
143,pr2,0.6,88,0.849547478383536,0.848890451489045,0.817159390625057,0.878127283309243,20.4285714285714
143,pr4,0.6,95,0.893837815566053,0.893618771898327,0.868923428638082,0.922679162776365,20.4285714285714
143,pr6,0.6,95,0.874019768378909,0.87272235373985,0.816955738102091,0.949381413693875,20.4285714285714
143,pr8,0.6,90,2.23533303856748,2.3563245942244,1.44591957044218,2.674060313267,20.4285714285714
144,pr2,0.6,88,0.849229149379788,0.847748224397559,0.817507204287046,0.877765374555935,20.5714285714286
144,pr4,0.6,95,0.893436961367891,0.893595488706971,0.869606628863336,0.924519904406128,20.5714285714286
144,pr6,0.6,95,0.874445656725112,0.874825520518917,0.810344304960363,0.944934852392421,20.5714285714286
144,pr8,0.6,90,2.24673616284031,2.36942905845786,1.41193660218227,2.6740603136237,20.5714285714286
145,pr2,0.6,88,0.849055871004487,0.848041209713867,0.818961987467204,0.875335432706553,20.7142857142857
145,pr4,0.6,95,0.89317080786185,0.895437677964427,0.868503925437006,0.924102549596178,20.7142857142857
145,pr6,0.6,95,0.875665955376359,0.876056423449087,0.816029611446797,0.933785841075592,20.7142857142857
145,pr8,0.6,90,2.25959108630412,2.3740879577374,1.42341297489842,2.67406031365437,20.7142857142857
146,pr2,0.6,88,0.849137026896226,0.847855497634457,0.822504169328263,0.875844401456637,20.8571428571429
146,pr4,0.6,95,0.893089772023239,0.893363544998518,0.865679168517933,0.9211479786586,20.8571428571429
146,pr6,0.6,95,0.877024783428463,0.876602425049239,0.815609820818537,0.933551433060446,20.8571428571429
146,pr8,0.6,90,2.27490912181058,2.41313336847425,1.45416307718624,2.67406031371066,20.8571428571429
147,pr2,0.6,88,0.849452956503501,0.849556178761949,0.823514167900316,0.873305861850167,21
147,pr4,0.6,95,0.893310880018608,0.892237942467614,0.867486240450375,0.91847283528306,21
147,pr6,0.6,95,0.878855605328888,0.877835742235823,0.822505505609306,0.936245047197425,21
147,pr8,0.6,90,2.2940853691967,2.46212901856569,1.48606554448583,2.67406031372106,21
148,pr2,0.6,88,0.849965004002723,0.849886410549722,0.821862856497524,0.873440818857714,21.1428571428571
148,pr4,0.6,95,0.893566523846971,0.894735873620451,0.866081446544158,0.918118050349995,21.1428571428571
148,pr6,0.6,95,0.881194070315876,0.879803023354886,0.830571424772035,0.931647968789676,21.1428571428571
148,pr8,0.6,90,2.31591927203446,2.47739900027766,1.54916759250825,2.67406031372348,21.1428571428571
149,pr2,0.6,88,0.850571680205377,0.852682315390401,0.823845361906036,0.869825862454627,21.2857142857143
149,pr4,0.6,95,0.893898084652697,0.897138978708099,0.864186360059137,0.919380299023063,21.2857142857143
149,pr6,0.6,95,0.883875396418939,0.882901551946192,0.839512795838178,0.930302764280363,21.2857142857143
149,pr8,0.6,90,2.33784270484967,2.52320627435683,1.59146436795052,2.67406031372356,21.2857142857143
150,pr2,0.6,88,0.851124621619819,0.853023034072206,0.821767368853437,0.877004394112035,21.4285714285714
150,pr4,0.6,95,0.894255682801675,0.896401058309803,0.86361660790617,0.920700797535941,21.4285714285714
150,pr6,0.6,95,0.88657954074882,0.890829439743795,0.834457936618762,0.929153183523491,21.4285714285714
150,pr8,0.6,90,2.36341464387693,2.55690715630124,1.62054638685363,2.67406031372356,21.4285714285714
151,pr2,0.6,88,0.851640162846917,0.852620859022237,0.822106082664141,0.881272042818009,21.5714285714286
151,pr4,0.6,95,0.89456927228528,0.89555474253583,0.8630061460995,0.921855551853827,21.5714285714286
151,pr6,0.6,95,0.889403205227502,0.895123719042383,0.830505283565644,0.930967434161118,21.5714285714286
151,pr8,0.6,90,2.38703430600736,2.57867051693443,1.63981778285676,2.67406031372356,21.5714285714286
152,pr2,0.6,88,0.851939876699178,0.852335896313873,0.822971998080645,0.882931218819598,21.7142857142857
152,pr4,0.6,95,0.894918587667744,0.895549758615529,0.859035367618981,0.921702716268567,21.7142857142857
152,pr6,0.6,95,0.891886992843588,0.895957375145655,0.825181467562871,0.937401357481981,21.7142857142857
152,pr8,0.6,90,2.40660820546514,2.57091440125349,1.71764173289822,2.67406031372356,21.7142857142857
153,pr2,0.6,88,0.852293607514964,0.852712153105333,0.823663078840354,0.882293871597648,21.8571428571429
153,pr4,0.6,95,0.895397915504052,0.894975819973421,0.859560326710053,0.922488436390582,21.8571428571429
153,pr6,0.6,95,0.894269205517204,0.897559644683445,0.825737426310544,0.949309574734981,21.8571428571429
153,pr8,0.6,90,2.42399202799213,2.59740987031233,1.77788785917415,2.67406031372356,21.8571428571429
154,pr2,0.6,88,0.852618128281445,0.85083112718712,0.824402695622314,0.880681738854223,22
154,pr4,0.6,94,0.895582080318023,0.896996869699812,0.864088723567332,0.923036483088179,22
154,pr6,0.6,94,0.8951219076762,0.896036098697787,0.832245504769278,0.956093357365324,22
154,pr8,0.6,89,2.44149678813889,2.62373646431621,1.84429664412395,2.67406031372356,22
155,pr2,0.6,86,0.852407468921918,0.851586076590704,0.824406877774192,0.879570366524552,22.1428571428571
155,pr4,0.6,92,0.896119036792096,0.897172300683533,0.863774538169971,0.921767270657559,22.1428571428571
155,pr6,0.6,92,0.896200779965069,0.894474947534942,0.833608090147868,0.960757520014137,22.1428571428571
155,pr8,0.6,87,2.45459368198412,2.64565990071954,1.89851904069065,2.67406031372356,22.1428571428571
156,pr2,0.6,84,0.852164642357951,0.852255477899576,0.823694554857675,0.880698553950503,22.2857142857143
156,pr4,0.6,90,0.896657431293938,0.897731961564534,0.866415388380547,0.923108491780468,22.2857142857143
156,pr6,0.6,90,0.897849729872692,0.895160863454407,0.836127664304607,0.957985720334017,22.2857142857143
156,pr8,0.6,85,2.46817331891293,2.61941491849122,1.88048944192548,2.67406031372356,22.2857142857143
157,pr2,0.6,84,0.852388778661753,0.852438473345493,0.822041735863307,0.881268548773221,22.4285714285714
157,pr4,0.6,90,0.896893840644162,0.896689772937945,0.867934917803871,0.922718689152942,22.4285714285714
157,pr6,0.6,90,0.900154098382253,0.898666306333799,0.841849006530961,0.960676834597698,22.4285714285714
157,pr8,0.6,85,2.48838206599145,2.6452605080055,1.87467123021517,2.67406031372356,22.4285714285714
158,pr2,0.6,84,0.852592066446815,0.852214395717212,0.822736714987904,0.880625975302251,22.5714285714286
158,pr4,0.6,90,0.896989907672113,0.895196150306884,0.86998529343461,0.92555703550903,22.5714285714286
158,pr6,0.6,90,0.902321115032296,0.898886926591287,0.840516477613281,0.962934592733809,22.5714285714286
158,pr8,0.6,85,2.50625242355543,2.65884102746583,1.92831462637381,2.67406031372356,22.5714285714286
159,pr2,0.6,83,0.852105706534893,0.851243420737309,0.821721493862049,0.878911419652745,22.7142857142857
159,pr4,0.6,89,0.896842836211588,0.898549965376222,0.869020875520181,0.924241317043871,22.7142857142857
159,pr6,0.6,89,0.903692945423385,0.897758041682593,0.845636320765411,0.96794617726178,22.7142857142857
159,pr8,0.6,84,2.51891002124642,2.65861718693896,1.9232961814083,2.67406031372356,22.7142857142857
160,pr2,0.6,83,0.852063561022984,0.854788169472255,0.821362372810028,0.879186543166986,22.8571428571429
160,pr4,0.6,89,0.897003086499168,0.897692503402135,0.869552025400268,0.924903860998636,22.8571428571429
160,pr6,0.6,89,0.904751576377409,0.897674914049516,0.843588762233178,0.971138026125917,22.8571428571429
160,pr8,0.6,84,2.53242915969739,2.66431023585953,1.95878486447908,2.67406031372356,22.8571428571429
161,pr2,0.6,83,0.851972479476036,0.853549874652371,0.821654243018312,0.878341055524931,23
161,pr4,0.6,89,0.897074641700074,0.894915280311714,0.871114245328002,0.922317520890335,23
161,pr6,0.6,89,0.90551143349987,0.902230317154586,0.844503879952828,0.974653659898902,23
161,pr8,0.6,84,2.54278888748934,2.66640542995064,2.02766201400799,2.67406031372356,23
162,pr2,0.6,83,0.851857892029375,0.852679681697737,0.819683423103495,0.877223615601175,23.1428571428571
162,pr4,0.6,89,0.89717948943232,0.895462436138833,0.873694158870573,0.924104115657912,23.1428571428571
162,pr6,0.6,89,0.906352208323792,0.903617856246111,0.850869659613452,0.974303608497339,23.1428571428571
162,pr8,0.6,84,2.55149575442317,2.66952371989826,2.08707430422266,2.67406031372356,23.1428571428571
163,pr2,0.6,83,0.851815274127348,0.851491191519915,0.816044813813927,0.879667452597054,23.2857142857143
163,pr4,0.6,89,0.897421847568501,0.896436968828283,0.870786249319773,0.922861776152542,23.2857142857143
163,pr6,0.6,89,0.906664571154527,0.90310410234744,0.856085495363995,0.975076826762263,23.2857142857143
163,pr8,0.6,84,2.55784448562199,2.67172757339877,2.15893304899108,2.67406031372356,23.2857142857143
164,pr2,0.6,83,0.852201959414875,0.853400757930226,0.818543896549516,0.878596932087975,23.4285714285714
164,pr4,0.6,89,0.897850764648202,0.899189059222701,0.869573444210252,0.922372246864641,23.4285714285714
164,pr6,0.6,89,0.907499085456694,0.900272732273492,0.850159521857339,0.978280192094673,23.4285714285714
164,pr8,0.6,84,2.56353428544262,2.67324604574441,2.19137928477797,2.67406031372356,23.4285714285714
165,pr2,0.6,81,0.851762626508181,0.853740037276766,0.816362127638462,0.875528608363065,23.5714285714286
165,pr4,0.6,87,0.89769865140388,0.897971971236772,0.868028620573201,0.922347535080927,23.5714285714286
165,pr6,0.6,87,0.907041777870536,0.899916572063495,0.850697637438307,0.969897856149791,23.5714285714286
165,pr8,0.6,82,2.56789107277051,2.67360957979282,2.21336467828032,2.67406031372356,23.5714285714286
166,pr2,0.6,80,0.851864179287878,0.853772695978041,0.816688240949785,0.872805599625298,23.7142857142857
166,pr4,0.6,86,0.897581522792854,0.89725584545811,0.868300165346985,0.92101492266545,23.7142857142857
166,pr6,0.6,86,0.907579890756167,0.90211150269034,0.849611895482887,0.97632268445608,23.7142857142857
166,pr8,0.6,81,2.57202670997796,2.67387945332487,2.17418761928756,2.67406031372356,23.7142857142857
167,pr2,0.6,79,0.85217598048183,0.853881287547346,0.822277236134791,0.871443004087152,23.8571428571429
167,pr4,0.6,86,0.89794937024409,0.898715144203321,0.869830713588916,0.925791711253362,23.8571428571429
167,pr6,0.6,85,0.908594406984449,0.906565686605061,0.84903437660146,0.979391887712298,23.8571428571429
167,pr8,0.6,80,2.57580560610669,2.67397813574757,2.15951021548625,2.67406031372356,23.8571428571429
168,pr2,0.6,79,0.85277783374827,0.855986139029359,0.819949999156374,0.874466508083646,24
168,pr4,0.6,86,0.898278577903431,0.898349154520645,0.873454089461586,0.927270865198093,24
168,pr6,0.6,85,0.909747006129448,0.904506054602439,0.856904052461102,0.985490712076747,24
168,pr8,0.6,80,2.58158969716265,2.67400551066457,2.19232103745129,2.67406031372356,24
169,pr2,0.6,76,0.852353185140419,0.856097483768668,0.825162757733122,0.877414958313788,24.1428571428571
169,pr4,0.6,82,0.897440838320771,0.894027860814412,0.873619627437522,0.926265323383186,24.1428571428571
169,pr6,0.6,81,0.906752382000753,0.901565608510974,0.855687166102056,0.97814871004414,24.1428571428571
169,pr8,0.6,77,2.58083053644189,2.67403710061242,2.22011559340107,2.67406031372356,24.1428571428571
170,pr2,0.6,74,0.851648453857237,0.851280068242872,0.830250226587417,0.876919340293006,24.2857142857143
170,pr4,0.6,80,0.896922976011539,0.894941343130464,0.873419779136049,0.927468152691717,24.2857142857143
170,pr6,0.6,79,0.905613657252286,0.896534456344808,0.850833478371759,0.968217139163107,24.2857142857143
170,pr8,0.6,75,2.58082802776845,2.67388825469363,2.24135647064496,2.67406031372356,24.2857142857143
171,pr2,0.6,70,0.849723273780095,0.847655127577431,0.828588065614351,0.874586120473943,24.4285714285714
171,pr4,0.6,77,0.895702866046895,0.89719871458561,0.870500642404547,0.921524095995645,24.4285714285714
171,pr6,0.6,76,0.903041809767357,0.900313464848063,0.844377676612761,0.962665533961123,24.4285714285714
171,pr8,0.6,71,2.5793391338197,2.6738546111481,2.20232696650374,2.67406031372356,24.4285714285714
172,pr2,0.6,69,0.848901457033196,0.84839082112169,0.824338337954232,0.874827427603527,24.5714285714286
172,pr4,0.6,76,0.894982472497165,0.896356586116351,0.867859742094006,0.921391005662825,24.5714285714286
172,pr6,0.6,75,0.903909771829166,0.899310873130937,0.844219957538834,0.967176457628324,24.5714285714286
172,pr8,0.6,70,2.58170746967727,2.67400833644061,2.18423253313574,2.67406031372356,24.5714285714286
173,pr2,0.6,67,0.847964996388538,0.845150858072244,0.821531363289699,0.871295319659066,24.7142857142857
173,pr4,0.6,74,0.894370540237066,0.895057329042963,0.866002164488032,0.920146830514986,24.7142857142857
173,pr6,0.6,73,0.903697429799637,0.897803050432736,0.834872294097518,0.966492320073358,24.7142857142857
173,pr8,0.6,69,2.58438076163257,2.67403348018197,2.13289457011637,2.67406031372356,24.7142857142857
174,pr2,0.6,63,0.845553314751769,0.84592672836191,0.819050607000863,0.866329658380347,24.8571428571429
174,pr4,0.6,70,0.892925535241292,0.893646928167475,0.864924210969643,0.919217607518363,24.8571428571429
174,pr6,0.6,69,0.900154880259068,0.902182430218414,0.841540302052563,0.961996794156095,24.8571428571429
174,pr8,0.6,65,2.58708229344517,2.67404809419104,2.12471098201887,2.67406031372356,24.8571428571429
175,pr2,0.6,62,0.845027397161221,0.844833561723948,0.819580268482311,0.868284717287158,25
175,pr4,0.6,68,0.892235799888921,0.890945599855855,0.866336665725157,0.919104776467456,25
175,pr6,0.6,67,0.901294422418036,0.903117921392048,0.842560310178282,0.967905789780918,25
175,pr8,0.6,63,2.59238070954486,2.67405628332932,2.16337794902305,2.67406031372356,25
176,pr2,0.6,56,0.843317756430007,0.843719424925146,0.818170741853303,0.864780309561141,25.1428571428571
176,pr4,0.6,60,0.890590313997545,0.889497780460064,0.867684090431717,0.915637861335126,25.1428571428571
176,pr6,0.6,60,0.897681680828188,0.892777842077979,0.839831239400191,0.964485637241402,25.1428571428571
176,pr8,0.6,58,2.5927802017292,2.67405353598167,2.17677085848799,2.67406031372356,25.1428571428571
177,pr2,0.6,53,0.842285331209546,0.842725107908055,0.820013224892031,0.863582499393916,25.2857142857143
177,pr4,0.6,58,0.889669251988576,0.890165746359859,0.869698909134578,0.910072947520254,25.2857142857143
177,pr6,0.6,58,0.898344324054109,0.893340431449423,0.841983258901595,0.970575677886198,25.2857142857143
177,pr8,0.6,55,2.59753555020927,2.67405805274689,2.19867324803635,2.67406031372356,25.2857142857143
178,pr2,0.6,47,0.840885714198154,0.839787042447012,0.819297582030101,0.862666757562374,25.4285714285714
178,pr4,0.6,53,0.889249988309281,0.890694628694459,0.866895294455546,0.913105179336284,25.4285714285714
178,pr6,0.6,52,0.896138229031648,0.891921287152988,0.838924993798032,0.962868935821238,25.4285714285714
178,pr8,0.6,49,2.59789545777648,2.67405126286508,2.27392061215344,2.67406031372356,25.4285714285714
179,pr2,0.6,43,0.839888502242892,0.838336450890357,0.8162872557016,0.86006643639482,25.5714285714286
179,pr4,0.6,49,0.888421878231153,0.888608082700222,0.865560720798269,0.90825219259619,25.5714285714286
179,pr6,0.6,49,0.8972012927228,0.900568785336076,0.833638206499496,0.956422423578008,25.5714285714286
179,pr8,0.6,45,2.60702285301961,2.67405707263101,2.34058532287668,2.67406031372356,25.5714285714286
180,pr2,0.6,37,0.83877237764541,0.836392772388424,0.814397617735019,0.857413658280245,25.7142857142857
180,pr4,0.6,43,0.887609511642641,0.888162322396383,0.862188864082953,0.910855475408292,25.7142857142857
180,pr6,0.6,43,0.899930998796624,0.901765776074963,0.831638625366399,0.962919253808355,25.7142857142857
180,pr8,0.6,39,2.61021360348309,2.6740592030335,2.37018701530804,2.67406031372356,25.7142857142857
181,pr2,0.6,33,0.837955798150474,0.835903915544892,0.812703145427111,0.863528580833699,25.8571428571429
181,pr4,0.6,37,0.886089931469773,0.885354996890084,0.864034255973117,0.905518365276619,25.8571428571429
181,pr6,0.6,37,0.899011934304148,0.894180493732218,0.83315332733035,0.963630720062606,25.8571428571429
181,pr8,0.6,33,2.61217350351576,2.6740591874443,2.37600553443267,2.67406031372356,25.8571428571429
182,pr2,0.6,33,0.840510358866858,0.835303475565798,0.81093168692886,0.872007602036874,26
182,pr4,0.6,37,0.888198557112477,0.887319470213335,0.865451838618119,0.911149082044268,26
182,pr6,0.6,37,0.902658776354753,0.895011750543604,0.840353727110532,0.974294578030687,26
182,pr8,0.6,33,2.62360184526272,2.67405997108298,2.40985649863569,2.67406031372356,26
183,pr2,0.6,28,0.840034847804498,0.838338677188365,0.811275345810967,0.875313979503213,26.1428571428571
183,pr4,0.6,32,0.888253439113566,0.885759754546432,0.867197074642045,0.914859830385411,26.1428571428571
183,pr6,0.6,32,0.902179878131952,0.897259952812743,0.835278373544341,0.977362681146321,26.1428571428571
183,pr8,0.6,29,2.63100656992338,2.67406021410144,2.39460228120404,2.67406031372356,26.1428571428571
184,pr2,0.6,25,0.838514968849252,0.839511927816456,0.807197068762354,0.866196017330372,26.2857142857143
184,pr4,0.6,29,0.890012506744781,0.889036496838353,0.867498086546092,0.914214621659736,26.2857142857143
184,pr6,0.6,29,0.899015315237837,0.892689186935938,0.840843023569702,0.965823838655308,26.2857142857143
184,pr8,0.6,27,2.63598730214835,2.67406028637315,2.39231085470669,2.67406031372356,26.2857142857143
185,pr2,0.6,21,0.83777428516496,0.835113153758556,0.805673311821699,0.861894848959963,26.4285714285714
185,pr4,0.6,24,0.891199982046923,0.888791747243879,0.867688778207972,0.91690458949451,26.4285714285714
185,pr6,0.6,24,0.895270908178023,0.891869467075837,0.844257030237992,0.950429408608947,26.4285714285714
185,pr8,0.6,24,2.636321391656,2.67406030550701,2.37785055952579,2.67406031372356,26.4285714285714
186,pr2,0.6,16,0.838608213330974,0.841756685483441,0.8083926030328,0.866277089693907,26.5714285714286
186,pr4,0.6,18,0.890936335327807,0.890299158592173,0.863808991874671,0.920675585409026,26.5714285714286
186,pr6,0.6,18,0.901655344731773,0.900688278279879,0.846791126182987,0.959560488108917,26.5714285714286
186,pr8,0.6,18,2.62204493911913,2.67406031229371,2.28913364012274,2.67406031372356,26.5714285714286
187,pr2,0.6,9,0.832821223055121,0.828615425976465,0.80877252558773,0.857792175629406,26.7142857142857
187,pr4,0.6,11,0.885620212162826,0.882466717946002,0.859184525334554,0.907894392206872,26.7142857142857
187,pr6,0.6,10,0.903000526197064,0.902143294968579,0.86042175067226,0.939398833593152,26.7142857142857
187,pr8,0.6,11,2.67389329164079,2.67406031358815,2.67314197425216,2.67406031372356,26.7142857142857
188,pr2,0.6,9,0.840239194952705,0.836973052519076,0.810621965232076,0.86835450787462,26.8571428571429
188,pr4,0.6,11,0.890767612822895,0.889580006793828,0.862634509883749,0.912180619793896,26.8571428571429
188,pr6,0.6,10,0.909725235407128,0.918830683726673,0.857703012004092,0.941381887608972,26.8571428571429
188,pr8,0.6,11,2.67399526481599,2.67406031369974,2.67370262972143,2.67406031372356,26.8571428571429
189,pr2,0.6,6,0.83982912026112,0.841006984290872,0.813763403941294,0.864606205535148,27
189,pr4,0.6,8,0.890865108153776,0.893866453480094,0.866595746174548,0.911207740923872,27
189,pr6,0.6,7,0.905435496794251,0.918661238150909,0.857063344215805,0.944987476833772,27
189,pr8,0.6,8,2.67402443424088,2.67406031371863,2.67387384649157,2.67406031372356,27
190,pr2,0.6,3,0.838277062847651,0.830498536249603,0.814982456725024,0.867016637588911,27.1428571428571
190,pr4,0.6,4,0.885085216989409,0.886657966019945,0.870891726982692,0.897076858353374,27.1428571428571
190,pr6,0.6,4,0.903881640278344,0.898670012549424,0.860469766297931,0.954589793079244,27.1428571428571
190,pr8,0.6,4,2.67403207903731,2.67406031372301,2.6739643157911,2.67406031372356,27.1428571428571
191,pr2,0.6,2,0.849494522577679,0.849494522577679,0.821451000887627,0.877538044267731,27.2857142857143
191,pr4,0.6,2,0.89833086038551,0.89833086038551,0.894422946603762,0.902238774167259,27.2857142857143
191,pr6,0.6,2,0.915298477478085,0.915298477478085,0.868583465169949,0.962013489786221,27.2857142857143
191,pr8,0.6,2,2.67403861266173,2.67403861266173,2.67401908170611,2.67405814361735,27.2857142857143
192,pr2,0.6,1,0.824492423262664,0.824492423262664,0.824492423262664,0.824492423262664,27.4285714285714
192,pr4,0.6,1,0.900098343613518,0.900098343613518,0.900098343613518,0.900098343613518,27.4285714285714
192,pr6,0.6,1,0.868879390371366,0.868879390371366,0.868879390371366,0.868879390371366,27.4285714285714
192,pr8,0.6,1,2.67406031372356,2.67406031372356,2.67406031372356,2.67406031372356,27.4285714285714
193,pr2,0.6,1,0.83286733272447,0.83286733272447,0.83286733272447,0.83286733272447,27.5714285714286
193,pr4,0.6,1,0.906499793656069,0.906499793656069,0.906499793656069,0.906499793656069,27.5714285714286
193,pr6,0.6,1,0.872393595832983,0.872393595832983,0.872393595832983,0.872393595832983,27.5714285714286
193,pr8,0.6,1,2.67406031372356,2.67406031372356,2.67406031372356,2.67406031372356,27.5714285714286
