scen_num,sample_num,exp_name,date,reopen,crit_det,date_min,date_max,days_above
90,89,20210516_IL_localeEMS_11_100perc_counterfactual_reopen,2020-10-23,100perc,516,2020-10-23,2021-01-21,90.0715563506274
117,116,20210516_IL_localeEMS_11_100perc_counterfactual_reopen,2020-10-23,100perc,534,2020-10-23,2021-01-25,93.8640429338123
167,166,20210516_IL_localeEMS_11_100perc_counterfactual_reopen,2020-10-23,100perc,518,2020-10-23,2021-01-25,93.8640429338123
160,159,20210516_IL_localeEMS_11_100perc_counterfactual_reopen,2020-10-24,100perc,530,2020-10-24,2021-01-26,93.8640429338123
254,253,20210516_IL_localeEMS_11_100perc_counterfactual_reopen,2020-10-24,100perc,538,2020-10-24,2021-01-24,91.9677996422185
170,169,20210516_IL_localeEMS_11_100perc_counterfactual_reopen,2020-10-25,100perc,537,2020-10-25,2021-01-25,91.9677996422185
312,311,20210516_IL_localeEMS_11_100perc_counterfactual_reopen,2020-10-25,100perc,528,2020-10-25,2021-01-15,81.5384615384594
314,313,20210516_IL_localeEMS_11_100perc_counterfactual_reopen,2020-10-25,100perc,519,2020-10-25,2021-01-14,80.5903398926639
40,39,20210516_IL_localeEMS_11_100perc_counterfactual_reopen,2020-10-26,100perc,521,2020-10-26,2021-01-22,88.1753130590364
239,238,20210516_IL_localeEMS_11_100perc_counterfactual_reopen,2020-10-27,100perc,523,2020-10-27,2021-01-21,86.2790697674426
302,301,20210516_IL_localeEMS_11_100perc_counterfactual_reopen,2020-10-27,100perc,524,2020-10-27,2021-01-25,90.0715563506274
356,355,20210516_IL_localeEMS_11_100perc_counterfactual_reopen,2020-10-27,100perc,528,2020-10-27,2021-01-23,88.1753130590336
16,15,20210516_IL_localeEMS_11_100perc_counterfactual_reopen,2020-10-28,100perc,531,2020-10-28,2021-01-16,79.6422182468711
22,21,20210516_IL_localeEMS_11_100perc_counterfactual_reopen,2020-10-28,100perc,518,2020-10-28,2021-01-17,80.5903398926639
23,22,20210516_IL_localeEMS_11_100perc_counterfactual_reopen,2020-10-28,100perc,520,2020-10-28,2021-01-25,89.1234347048319
62,61,20210516_IL_localeEMS_11_100perc_counterfactual_reopen,2020-10-28,100perc,525,2020-10-28,2021-01-27,91.0196779964202
186,185,20210516_IL_localeEMS_11_100perc_counterfactual_reopen,2020-10-28,100perc,536,2020-10-28,2021-01-22,86.2790697674426
192,191,20210516_IL_localeEMS_11_100perc_counterfactual_reopen,2020-10-28,100perc,539,2020-10-28,2021-01-26,90.0715563506274
291,290,20210516_IL_localeEMS_11_100perc_counterfactual_reopen,2020-10-28,100perc,518,2020-10-28,2021-01-23,87.2271914132381
44,43,20210516_IL_localeEMS_11_100perc_counterfactual_reopen,2020-10-29,100perc,522,2020-10-29,2021-01-19,82.486583184255
86,85,20210516_IL_localeEMS_11_100perc_counterfactual_reopen,2020-10-29,100perc,541,2020-10-29,2021-02-04,97.6565295169917
316,315,20210516_IL_localeEMS_11_100perc_counterfactual_reopen,2020-10-29,100perc,537,2020-10-29,2021-01-23,86.2790697674398
322,321,20210516_IL_localeEMS_11_100perc_counterfactual_reopen,2020-10-29,100perc,536,2020-10-29,2021-02-02,95.7602862254006
330,329,20210516_IL_localeEMS_11_100perc_counterfactual_reopen,2020-10-29,100perc,527,2020-10-29,2021-01-18,80.5903398926639
340,339,20210516_IL_localeEMS_11_100perc_counterfactual_reopen,2020-10-29,100perc,526,2020-10-29,2021-01-17,79.6422182468656
341,340,20210516_IL_localeEMS_11_100perc_counterfactual_reopen,2020-10-29,100perc,549,2020-10-29,2021-01-21,84.3828264758488
374,373,20210516_IL_localeEMS_11_100perc_counterfactual_reopen,2020-10-29,100perc,526,2020-10-29,2021-01-26,89.1234347048292
388,387,20210516_IL_localeEMS_11_100perc_counterfactual_reopen,2020-10-29,100perc,527,2020-10-29,2021-01-21,84.3828264758488
88,87,20210516_IL_localeEMS_11_100perc_counterfactual_reopen,2020-10-30,100perc,529,2020-10-30,2021-02-04,96.7084078711989
129,128,20210516_IL_localeEMS_11_100perc_counterfactual_reopen,2020-10-30,100perc,560,2020-10-30,2021-01-28,90.0715563506274
313,312,20210516_IL_localeEMS_11_100perc_counterfactual_reopen,2020-10-30,100perc,534,2020-10-30,2021-01-21,83.434704830056
323,322,20210516_IL_localeEMS_11_100perc_counterfactual_reopen,2020-10-30,100perc,531,2020-10-30,2021-01-18,79.6422182468711
343,342,20210516_IL_localeEMS_11_100perc_counterfactual_reopen,2020-10-30,100perc,534,2020-10-30,2021-02-04,96.7084078711989
60,59,20210516_IL_localeEMS_11_100perc_counterfactual_reopen,2020-10-31,100perc,529,2020-10-31,2021-01-18,78.6940966010728
113,112,20210516_IL_localeEMS_11_100perc_counterfactual_reopen,2020-10-31,100perc,539,2020-10-31,2021-01-31,91.9677996422157
128,127,20210516_IL_localeEMS_11_100perc_counterfactual_reopen,2020-10-31,100perc,527,2020-10-31,2021-01-21,82.4865831842577
216,215,20210516_IL_localeEMS_11_100perc_counterfactual_reopen,2020-10-31,100perc,550,2020-10-31,2021-01-24,85.3309481216443
292,291,20210516_IL_localeEMS_11_100perc_counterfactual_reopen,2020-10-31,100perc,535,2020-10-31,2021-02-05,96.7084078711989
385,384,20210516_IL_localeEMS_11_100perc_counterfactual_reopen,2020-10-31,100perc,522,2020-10-31,2021-01-31,91.9677996422157
5,4,20210516_IL_localeEMS_11_100perc_counterfactual_reopen,2020-11-01,100perc,528,2020-11-01,2021-01-18,77.7459749552773
15,14,20210516_IL_localeEMS_11_100perc_counterfactual_reopen,2020-11-01,100perc,549,2020-11-01,2021-02-03,93.8640429338095
45,44,20210516_IL_localeEMS_11_100perc_counterfactual_reopen,2020-11-01,100perc,526,2020-11-01,2021-02-06,97.6565295169944
79,78,20210516_IL_localeEMS_11_100perc_counterfactual_reopen,2020-11-01,100perc,521,2020-11-01,2021-01-17,76.797853309479
82,81,20210516_IL_localeEMS_11_100perc_counterfactual_reopen,2020-11-01,100perc,517,2020-11-01,2021-01-23,83.4347048300533
297,296,20210516_IL_localeEMS_11_100perc_counterfactual_reopen,2020-11-01,100perc,527,2020-11-01,2021-02-06,96.7084078711961
318,317,20210516_IL_localeEMS_11_100perc_counterfactual_reopen,2020-11-01,100perc,523,2020-11-01,2021-01-25,85.330948121647
391,390,20210516_IL_localeEMS_11_100perc_counterfactual_reopen,2020-11-01,100perc,524,2020-11-01,2021-02-03,93.8640429338095
392,391,20210516_IL_localeEMS_11_100perc_counterfactual_reopen,2020-11-01,100perc,518,2020-11-01,2021-02-10,101.449016100179
96,95,20210516_IL_localeEMS_11_100perc_counterfactual_reopen,2020-11-02,100perc,547,2020-11-02,2021-01-31,90.0715563506219
97,96,20210516_IL_localeEMS_11_100perc_counterfactual_reopen,2020-11-02,100perc,542,2020-11-02,2021-01-27,86.2790697674371
120,119,20210516_IL_localeEMS_11_100perc_counterfactual_reopen,2020-11-02,100perc,533,2020-11-02,2021-01-21,80.5903398926639
238,237,20210516_IL_localeEMS_11_100perc_counterfactual_reopen,2020-11-02,100perc,537,2020-11-02,2021-01-22,81.5384615384594
399,398,20210516_IL_localeEMS_11_100perc_counterfactual_reopen,2020-11-02,100perc,516,2020-11-02,2021-02-11,101.449016100177
53,52,20210516_IL_localeEMS_11_100perc_counterfactual_reopen,2020-11-03,100perc,524,2020-11-03,2021-02-05,93.8640429338123
115,114,20210516_IL_localeEMS_11_100perc_counterfactual_reopen,2020-11-03,100perc,553,2020-11-03,2021-02-02,91.019677996423
185,184,20210516_IL_localeEMS_11_100perc_counterfactual_reopen,2020-11-03,100perc,543,2020-11-03,2021-01-26,84.3828264758515
190,189,20210516_IL_localeEMS_11_100perc_counterfactual_reopen,2020-11-03,100perc,524,2020-11-03,2021-01-18,75.8497316636863
197,196,20210516_IL_localeEMS_11_100perc_counterfactual_reopen,2020-11-03,100perc,519,2020-11-03,2021-02-01,90.0715563506274
201,200,20210516_IL_localeEMS_11_100perc_counterfactual_reopen,2020-11-03,100perc,525,2020-11-03,2021-02-12,101.449016100182
205,204,20210516_IL_localeEMS_11_100perc_counterfactual_reopen,2020-11-03,100perc,520,2020-11-03,2021-02-04,92.915921288014
207,206,20210516_IL_localeEMS_11_100perc_counterfactual_reopen,2020-11-03,100perc,533,2020-11-03,2021-01-28,86.2790697674426
224,223,20210516_IL_localeEMS_11_100perc_counterfactual_reopen,2020-11-03,100perc,523,2020-11-03,2021-02-01,90.0715563506274
333,332,20210516_IL_localeEMS_11_100perc_counterfactual_reopen,2020-11-03,100perc,516,2020-11-03,2021-02-06,94.8121645796051
353,352,20210516_IL_localeEMS_11_100perc_counterfactual_reopen,2020-11-03,100perc,531,2020-11-03,2021-01-18,75.8497316636863
68,67,20210516_IL_localeEMS_11_100perc_counterfactual_reopen,2020-11-04,100perc,538,2020-11-04,2021-01-25,82.4865831842577
111,110,20210516_IL_localeEMS_11_100perc_counterfactual_reopen,2020-11-04,100perc,537,2020-11-04,2021-02-11,99.5527728085855
246,245,20210516_IL_localeEMS_11_100perc_counterfactual_reopen,2020-11-04,100perc,534,2020-11-04,2021-01-09,66.36851520572
309,308,20210516_IL_localeEMS_11_100perc_counterfactual_reopen,2020-11-04,100perc,542,2020-11-04,2021-01-31,88.1753130590309
331,330,20210516_IL_localeEMS_11_100perc_counterfactual_reopen,2020-11-04,100perc,522,2020-11-04,2021-02-07,95.7602862254006
346,345,20210516_IL_localeEMS_11_100perc_counterfactual_reopen,2020-11-04,100perc,534,2020-11-04,2021-02-08,96.7084078711934
8,7,20210516_IL_localeEMS_11_100perc_counterfactual_reopen,2020-11-05,100perc,520,2020-11-05,2021-02-05,91.9677996422185
10,9,20210516_IL_localeEMS_11_100perc_counterfactual_reopen,2020-11-05,100perc,522,2020-11-05,2021-01-28,84.3828264758488
50,49,20210516_IL_localeEMS_11_100perc_counterfactual_reopen,2020-11-05,100perc,546,2020-11-05,2021-01-29,85.330948121647
80,79,20210516_IL_localeEMS_11_100perc_counterfactual_reopen,2020-11-05,100perc,516,2020-11-05,2021-02-06,92.9159212880113
89,88,20210516_IL_localeEMS_11_100perc_counterfactual_reopen,2020-11-05,100perc,523,2020-11-05,2021-02-15,102.397137745975
161,160,20210516_IL_localeEMS_11_100perc_counterfactual_reopen,2020-11-05,100perc,519,2020-11-05,2021-01-30,86.2790697674398
171,170,20210516_IL_localeEMS_11_100perc_counterfactual_reopen,2020-11-05,100perc,518,2020-11-05,2021-01-18,74.901610017888
232,231,20210516_IL_localeEMS_11_100perc_counterfactual_reopen,2020-11-05,100perc,524,2020-11-05,2021-01-26,82.4865831842577
240,239,20210516_IL_localeEMS_11_100perc_counterfactual_reopen,2020-11-05,100perc,523,2020-11-05,2021-01-28,84.3828264758488
286,285,20210516_IL_localeEMS_11_100perc_counterfactual_reopen,2020-11-05,100perc,519,2020-11-05,2021-01-20,76.797853309479
303,302,20210516_IL_localeEMS_11_100perc_counterfactual_reopen,2020-11-05,100perc,523,2020-11-05,2021-02-03,90.0715563506247
324,323,20210516_IL_localeEMS_11_100perc_counterfactual_reopen,2020-11-05,100perc,558,2020-11-05,2021-01-29,85.330948121647
46,45,20210516_IL_localeEMS_11_100perc_counterfactual_reopen,2020-11-06,100perc,551,2020-11-06,2021-01-21,76.7978533094845
95,94,20210516_IL_localeEMS_11_100perc_counterfactual_reopen,2020-11-06,100perc,527,2020-11-06,2021-02-03,89.1234347048319
103,102,20210516_IL_localeEMS_11_100perc_counterfactual_reopen,2020-11-06,100perc,554,2020-11-06,2021-01-23,78.6940966010756
176,175,20210516_IL_localeEMS_11_100perc_counterfactual_reopen,2020-11-06,100perc,525,2020-11-06,2021-01-24,79.6422182468711
178,177,20210516_IL_localeEMS_11_100perc_counterfactual_reopen,2020-11-06,100perc,527,2020-11-06,2021-01-17,72.0572450805014
237,236,20210516_IL_localeEMS_11_100perc_counterfactual_reopen,2020-11-06,100perc,525,2020-11-06,2021-01-30,85.330948121647
241,240,20210516_IL_localeEMS_11_100perc_counterfactual_reopen,2020-11-06,100perc,535,2020-11-06,2021-02-04,90.0715563506274
248,247,20210516_IL_localeEMS_11_100perc_counterfactual_reopen,2020-11-06,100perc,523,2020-11-06,2021-02-07,93.8640429338123
282,281,20210516_IL_localeEMS_11_100perc_counterfactual_reopen,2020-11-06,100perc,525,2020-11-06,2021-01-25,80.5903398926694
335,334,20210516_IL_localeEMS_11_100perc_counterfactual_reopen,2020-11-06,100perc,549,2020-11-06,2021-01-19,74.9016100178907
365,364,20210516_IL_localeEMS_11_100perc_counterfactual_reopen,2020-11-06,100perc,519,2020-11-06,2021-01-27,82.4865831842577
371,370,20210516_IL_localeEMS_11_100perc_counterfactual_reopen,2020-11-06,100perc,524,2020-11-06,2021-01-20,75.8497316636863
393,392,20210516_IL_localeEMS_11_100perc_counterfactual_reopen,2020-11-06,100perc,520,2020-11-06,2021-02-03,89.1234347048319
394,393,20210516_IL_localeEMS_11_100perc_counterfactual_reopen,2020-11-06,100perc,531,2020-11-06,2021-02-01,87.2271914132409
13,12,20210516_IL_localeEMS_11_100perc_counterfactual_reopen,2020-11-06,100perc,563,2020-11-06,2021-01-13,67.3166368515182
26,25,20210516_IL_localeEMS_11_100perc_counterfactual_reopen,2020-11-06,100perc,524,2020-11-06,2021-01-29,83.434704830056
39,38,20210516_IL_localeEMS_11_100perc_counterfactual_reopen,2020-11-06,100perc,530,2020-11-06,2021-01-17,71.1091234347031
51,50,20210516_IL_localeEMS_11_100perc_counterfactual_reopen,2020-11-06,100perc,529,2020-11-06,2021-01-23,77.7459749552773
172,171,20210516_IL_localeEMS_11_100perc_counterfactual_reopen,2020-11-06,100perc,552,2020-11-06,2021-01-31,85.3309481216443
177,176,20210516_IL_localeEMS_11_100perc_counterfactual_reopen,2020-11-06,100perc,545,2020-11-06,2021-01-26,80.5903398926666
226,225,20210516_IL_localeEMS_11_100perc_counterfactual_reopen,2020-11-06,100perc,536,2020-11-06,2021-02-08,93.8640429338068
294,293,20210516_IL_localeEMS_11_100perc_counterfactual_reopen,2020-11-06,100perc,529,2020-11-06,2021-01-22,76.7978533094818
327,326,20210516_IL_localeEMS_11_100perc_counterfactual_reopen,2020-11-06,100perc,532,2020-11-06,2021-01-27,81.5384615384594
334,333,20210516_IL_localeEMS_11_100perc_counterfactual_reopen,2020-11-06,100perc,529,2020-11-06,2021-01-24,78.6940966010728
348,347,20210516_IL_localeEMS_11_100perc_counterfactual_reopen,2020-11-06,100perc,527,2020-11-06,2021-02-03,88.1753130590336
375,374,20210516_IL_localeEMS_11_100perc_counterfactual_reopen,2020-11-06,100perc,539,2020-11-06,2021-01-27,81.5384615384594
387,386,20210516_IL_localeEMS_11_100perc_counterfactual_reopen,2020-11-06,100perc,522,2020-11-06,2021-01-19,73.9534883720925
133,132,20210516_IL_localeEMS_11_100perc_counterfactual_reopen,2020-11-07,100perc,532,2020-11-07,2021-01-23,76.7978533094818
179,178,20210516_IL_localeEMS_11_100perc_counterfactual_reopen,2020-11-07,100perc,519,2020-11-07,2021-01-27,80.5903398926639
217,216,20210516_IL_localeEMS_11_100perc_counterfactual_reopen,2020-11-07,100perc,520,2020-11-07,2021-02-07,91.9677996422185
251,250,20210516_IL_localeEMS_11_100perc_counterfactual_reopen,2020-11-07,100perc,545,2020-11-07,2021-01-26,79.6422182468711
276,275,20210516_IL_localeEMS_11_100perc_counterfactual_reopen,2020-11-07,100perc,525,2020-11-07,2021-01-21,74.9016100178907
311,310,20210516_IL_localeEMS_11_100perc_counterfactual_reopen,2020-11-07,100perc,528,2020-11-07,2021-01-24,77.7459749552773
345,344,20210516_IL_localeEMS_11_100perc_counterfactual_reopen,2020-11-07,100perc,521,2020-11-07,2021-02-07,91.9677996422185
349,348,20210516_IL_localeEMS_11_100perc_counterfactual_reopen,2020-11-07,100perc,525,2020-11-07,2021-02-06,91.019677996423
400,399,20210516_IL_localeEMS_11_100perc_counterfactual_reopen,2020-11-07,100perc,539,2020-11-07,2021-01-22,75.8497316636863
84,83,20210516_IL_localeEMS_11_100perc_counterfactual_reopen,2020-11-08,100perc,524,2020-11-08,2021-01-26,78.6940966010756
112,111,20210516_IL_localeEMS_11_100perc_counterfactual_reopen,2020-11-08,100perc,519,2020-11-08,2021-01-26,78.6940966010756
175,174,20210516_IL_localeEMS_11_100perc_counterfactual_reopen,2020-11-08,100perc,544,2020-11-08,2021-02-17,100.500894454384
206,205,20210516_IL_localeEMS_11_100perc_counterfactual_reopen,2020-11-08,100perc,535,2020-11-08,2021-01-24,76.7978533094818
243,242,20210516_IL_localeEMS_11_100perc_counterfactual_reopen,2020-11-08,100perc,523,2020-11-08,2021-01-25,77.7459749552801
268,267,20210516_IL_localeEMS_11_100perc_counterfactual_reopen,2020-11-08,100perc,532,2020-11-08,2021-01-24,76.7978533094818
284,283,20210516_IL_localeEMS_11_100perc_counterfactual_reopen,2020-11-08,100perc,519,2020-11-08,2021-02-05,88.1753130590364
285,284,20210516_IL_localeEMS_11_100perc_counterfactual_reopen,2020-11-08,100perc,528,2020-11-08,2021-02-06,89.1234347048292
372,371,20210516_IL_localeEMS_11_100perc_counterfactual_reopen,2020-11-08,100perc,530,2020-11-08,2021-02-08,91.9677996422157
6,5,20210516_IL_localeEMS_11_100perc_counterfactual_reopen,2020-11-09,100perc,555,2020-11-09,2021-01-23,74.9016100178907
27,26,20210516_IL_localeEMS_11_100perc_counterfactual_reopen,2020-11-09,100perc,516,2020-11-09,2021-02-01,83.434704830056
29,28,20210516_IL_localeEMS_11_100perc_counterfactual_reopen,2020-11-09,100perc,556,2020-11-09,2021-02-01,83.434704830056
32,31,20210516_IL_localeEMS_11_100perc_counterfactual_reopen,2020-11-09,100perc,561,2020-11-09,2021-02-07,90.0715563506274
42,41,20210516_IL_localeEMS_11_100perc_counterfactual_reopen,2020-11-09,100perc,531,2020-11-09,2021-02-09,91.9677996422185
71,70,20210516_IL_localeEMS_11_100perc_counterfactual_reopen,2020-11-09,100perc,518,2020-11-09,2021-02-03,85.330948121647
153,152,20210516_IL_localeEMS_11_100perc_counterfactual_reopen,2020-11-09,100perc,528,2020-11-09,2021-02-03,85.330948121647
191,190,20210516_IL_localeEMS_11_100perc_counterfactual_reopen,2020-11-09,100perc,538,2020-11-09,2021-01-26,77.7459749552801
200,199,20210516_IL_localeEMS_11_100perc_counterfactual_reopen,2020-11-09,100perc,524,2020-11-09,2021-02-12,94.8121645796106
235,234,20210516_IL_localeEMS_11_100perc_counterfactual_reopen,2020-11-09,100perc,521,2020-11-09,2021-01-27,78.6940966010728
257,256,20210516_IL_localeEMS_11_100perc_counterfactual_reopen,2020-11-09,100perc,558,2020-11-09,2021-01-23,74.9016100178907
281,280,20210516_IL_localeEMS_11_100perc_counterfactual_reopen,2020-11-09,100perc,524,2020-11-09,2021-01-26,77.7459749552801
363,362,20210516_IL_localeEMS_11_100perc_counterfactual_reopen,2020-11-09,100perc,531,2020-11-09,2021-02-15,97.6565295169972
367,366,20210516_IL_localeEMS_11_100perc_counterfactual_reopen,2020-11-09,100perc,518,2020-11-09,2021-01-17,68.2647584973165
19,18,20210516_IL_localeEMS_11_100perc_counterfactual_reopen,2020-11-10,100perc,531,2020-11-10,2021-01-26,76.7978533094818
43,42,20210516_IL_localeEMS_11_100perc_counterfactual_reopen,2020-11-10,100perc,535,2020-11-10,2021-01-28,78.6940966010728
91,90,20210516_IL_localeEMS_11_100perc_counterfactual_reopen,2020-11-10,100perc,535,2020-11-10,2021-02-01,82.4865831842577
102,101,20210516_IL_localeEMS_11_100perc_counterfactual_reopen,2020-11-10,100perc,521,2020-11-10,2021-01-14,64.4722719141317
122,121,20210516_IL_localeEMS_11_100perc_counterfactual_reopen,2020-11-10,100perc,546,2020-11-10,2021-02-08,90.0715563506219
143,142,20210516_IL_localeEMS_11_100perc_counterfactual_reopen,2020-11-10,100perc,546,2020-11-10,2021-02-01,82.4865831842577
149,148,20210516_IL_localeEMS_11_100perc_counterfactual_reopen,2020-11-10,100perc,518,2020-11-10,2021-01-29,79.6422182468711
165,164,20210516_IL_localeEMS_11_100perc_counterfactual_reopen,2020-11-10,100perc,529,2020-11-10,2021-02-07,89.1234347048292
202,201,20210516_IL_localeEMS_11_100perc_counterfactual_reopen,2020-11-10,100perc,525,2020-11-10,2021-02-07,89.1234347048292
228,227,20210516_IL_localeEMS_11_100perc_counterfactual_reopen,2020-11-10,100perc,554,2020-11-10,2021-02-05,86.2790697674426
245,244,20210516_IL_localeEMS_11_100perc_counterfactual_reopen,2020-11-10,100perc,533,2020-11-10,2021-02-05,86.2790697674426
329,328,20210516_IL_localeEMS_11_100perc_counterfactual_reopen,2020-11-10,100perc,544,2020-11-10,2021-02-11,92.915921288014
366,365,20210516_IL_localeEMS_11_100perc_counterfactual_reopen,2020-11-10,100perc,535,2020-11-10,2021-01-21,72.0572450805014
12,11,20210516_IL_localeEMS_11_100perc_counterfactual_reopen,2020-11-11,100perc,530,2020-11-11,2021-02-15,95.7602862254033
35,34,20210516_IL_localeEMS_11_100perc_counterfactual_reopen,2020-11-11,100perc,534,2020-11-11,2021-02-16,96.7084078711961
101,100,20210516_IL_localeEMS_11_100perc_counterfactual_reopen,2020-11-11,100perc,517,2020-11-11,2021-02-10,91.019677996423
146,145,20210516_IL_localeEMS_11_100perc_counterfactual_reopen,2020-11-11,100perc,525,2020-11-11,2021-01-28,77.7459749552773
182,181,20210516_IL_localeEMS_11_100perc_counterfactual_reopen,2020-11-11,100perc,524,2020-11-11,2021-02-08,89.1234347048264
195,194,20210516_IL_localeEMS_11_100perc_counterfactual_reopen,2020-11-11,100perc,540,2020-11-11,2021-02-06,87.2271914132381
256,255,20210516_IL_localeEMS_11_100perc_counterfactual_reopen,2020-11-11,100perc,522,2020-11-11,2021-02-09,90.0715563506247
263,262,20210516_IL_localeEMS_11_100perc_counterfactual_reopen,2020-11-11,100perc,517,2020-11-11,2021-02-11,91.9677996422185
274,273,20210516_IL_localeEMS_11_100perc_counterfactual_reopen,2020-11-11,100perc,537,2020-11-11,2021-02-04,84.3828264758488
293,292,20210516_IL_localeEMS_11_100perc_counterfactual_reopen,2020-11-11,100perc,533,2020-11-11,2021-02-06,87.2271914132381
321,320,20210516_IL_localeEMS_11_100perc_counterfactual_reopen,2020-11-11,100perc,518,2020-11-11,2021-01-24,73.9534883720925
359,358,20210516_IL_localeEMS_11_100perc_counterfactual_reopen,2020-11-11,100perc,519,2020-11-11,2021-02-06,86.2790697674398
384,383,20210516_IL_localeEMS_11_100perc_counterfactual_reopen,2020-11-11,100perc,545,2020-11-11,2021-01-28,77.7459749552773
114,113,20210516_IL_localeEMS_11_100perc_counterfactual_reopen,2020-11-12,100perc,554,2020-11-12,2021-02-01,80.5903398926639
183,182,20210516_IL_localeEMS_11_100perc_counterfactual_reopen,2020-11-12,100perc,525,2020-11-12,2021-02-05,84.3828264758488
211,210,20210516_IL_localeEMS_11_100perc_counterfactual_reopen,2020-11-12,100perc,526,2020-11-12,2021-02-05,84.3828264758488
296,295,20210516_IL_localeEMS_11_100perc_counterfactual_reopen,2020-11-12,100perc,533,2020-11-12,2021-01-25,73.9534883720925
310,309,20210516_IL_localeEMS_11_100perc_counterfactual_reopen,2020-11-12,100perc,532,2020-11-12,2021-01-20,69.2128801431093
357,356,20210516_IL_localeEMS_11_100perc_counterfactual_reopen,2020-11-12,100perc,530,2020-11-12,2021-02-18,97.6565295169917
396,395,20210516_IL_localeEMS_11_100perc_counterfactual_reopen,2020-11-12,100perc,538,2020-11-12,2021-02-17,96.7084078711961
398,397,20210516_IL_localeEMS_11_100perc_counterfactual_reopen,2020-11-12,100perc,529,2020-11-12,2021-02-02,81.5384615384594
3,2,20210516_IL_localeEMS_11_100perc_counterfactual_reopen,2020-11-13,100perc,522,2020-11-13,2021-02-07,86.2790697674426
7,6,20210516_IL_localeEMS_11_100perc_counterfactual_reopen,2020-11-13,100perc,518,2020-11-13,2021-02-09,88.1753130590336
49,48,20210516_IL_localeEMS_11_100perc_counterfactual_reopen,2020-11-13,100perc,528,2020-11-13,2021-02-02,80.5903398926666
92,91,20210516_IL_localeEMS_11_100perc_counterfactual_reopen,2020-11-13,100perc,565,2020-11-13,2021-02-08,87.2271914132353
163,162,20210516_IL_localeEMS_11_100perc_counterfactual_reopen,2020-11-13,100perc,527,2020-11-13,2021-01-14,61.6279069767451
193,192,20210516_IL_localeEMS_11_100perc_counterfactual_reopen,2020-11-13,100perc,548,2020-11-13,2021-01-22,70.1610017889103
196,195,20210516_IL_localeEMS_11_100perc_counterfactual_reopen,2020-11-13,100perc,542,2020-11-13,2021-01-25,73.0053667262997
209,208,20210516_IL_localeEMS_11_100perc_counterfactual_reopen,2020-11-13,100perc,545,2020-11-13,2021-02-04,82.4865831842577
277,276,20210516_IL_localeEMS_11_100perc_counterfactual_reopen,2020-11-13,100perc,522,2020-11-13,2021-02-12,91.0196779964257
347,346,20210516_IL_localeEMS_11_100perc_counterfactual_reopen,2020-11-13,100perc,526,2020-11-13,2021-02-02,80.5903398926666
379,378,20210516_IL_localeEMS_11_100perc_counterfactual_reopen,2020-11-13,100perc,543,2020-11-13,2021-02-16,94.8121645796051
395,394,20210516_IL_localeEMS_11_100perc_counterfactual_reopen,2020-11-13,100perc,537,2020-11-13,2021-02-02,80.5903398926666
9,8,20210516_IL_localeEMS_11_100perc_counterfactual_reopen,2020-11-14,100perc,528,2020-11-14,2021-01-30,76.797853309479
18,17,20210516_IL_localeEMS_11_100perc_counterfactual_reopen,2020-11-14,100perc,523,2020-11-14,2021-01-26,73.0053667262969
54,53,20210516_IL_localeEMS_11_100perc_counterfactual_reopen,2020-11-14,100perc,529,2020-11-14,2021-01-17,63.5241502683334
57,56,20210516_IL_localeEMS_11_100perc_counterfactual_reopen,2020-11-14,100perc,530,2020-11-14,2021-01-31,77.7459749552746
59,58,20210516_IL_localeEMS_11_100perc_counterfactual_reopen,2020-11-14,100perc,533,2020-11-14,2021-02-14,91.9677996422185
65,64,20210516_IL_localeEMS_11_100perc_counterfactual_reopen,2020-11-14,100perc,528,2020-11-14,2021-02-06,84.3828264758488
70,69,20210516_IL_localeEMS_11_100perc_counterfactual_reopen,2020-11-14,100perc,555,2020-11-14,2021-01-24,71.1091234347031
77,76,20210516_IL_localeEMS_11_100perc_counterfactual_reopen,2020-11-14,100perc,543,2020-11-14,2021-02-06,83.4347048300505
159,158,20210516_IL_localeEMS_11_100perc_counterfactual_reopen,2020-11-14,100perc,533,2020-11-14,2021-02-06,83.4347048300505
189,188,20210516_IL_localeEMS_11_100perc_counterfactual_reopen,2020-11-14,100perc,545,2020-11-14,2021-01-31,77.7459749552746
198,197,20210516_IL_localeEMS_11_100perc_counterfactual_reopen,2020-11-14,100perc,532,2020-11-14,2021-01-30,76.797853309479
218,217,20210516_IL_localeEMS_11_100perc_counterfactual_reopen,2020-11-14,100perc,539,2020-11-14,2021-02-01,78.6940966010728
231,230,20210516_IL_localeEMS_11_100perc_counterfactual_reopen,2020-11-14,100perc,516,2020-11-14,2021-01-31,77.7459749552746
234,233,20210516_IL_localeEMS_11_100perc_counterfactual_reopen,2020-11-14,100perc,533,2020-11-14,2021-02-07,85.3309481216443
261,260,20210516_IL_localeEMS_11_100perc_counterfactual_reopen,2020-11-14,100perc,533,2020-11-14,2021-01-17,63.5241502683334
319,318,20210516_IL_localeEMS_11_100perc_counterfactual_reopen,2020-11-14,100perc,528,2020-11-14,2021-02-12,90.0715563506274
336,335,20210516_IL_localeEMS_11_100perc_counterfactual_reopen,2020-11-14,100perc,550,2020-11-14,2021-02-08,86.2790697674371
339,338,20210516_IL_localeEMS_11_100perc_counterfactual_reopen,2020-11-14,100perc,520,2020-11-14,2021-01-31,77.7459749552746
360,359,20210516_IL_localeEMS_11_100perc_counterfactual_reopen,2020-11-14,100perc,520,2020-11-14,2021-02-04,81.5384615384594
369,368,20210516_IL_localeEMS_11_100perc_counterfactual_reopen,2020-11-14,100perc,519,2020-11-14,2021-01-30,76.797853309479
376,375,20210516_IL_localeEMS_11_100perc_counterfactual_reopen,2020-11-14,100perc,536,2020-11-14,2021-02-04,81.5384615384594
37,36,20210516_IL_localeEMS_11_100perc_counterfactual_reopen,2020-11-15,100perc,517,2020-11-15,2021-02-10,87.2271914132381
63,62,20210516_IL_localeEMS_11_100perc_counterfactual_reopen,2020-11-15,100perc,525,2020-11-15,2021-02-11,88.1753130590336
104,103,20210516_IL_localeEMS_11_100perc_counterfactual_reopen,2020-11-15,100perc,517,2020-11-15,2021-01-17,62.5760286225379
116,115,20210516_IL_localeEMS_11_100perc_counterfactual_reopen,2020-11-15,100perc,548,2020-11-15,2021-02-02,78.6940966010728
166,165,20210516_IL_localeEMS_11_100perc_counterfactual_reopen,2020-11-15,100perc,526,2020-11-15,2021-02-06,83.4347048300533
220,219,20210516_IL_localeEMS_11_100perc_counterfactual_reopen,2020-11-15,100perc,520,2020-11-15,2021-01-29,74.9016100178907
328,327,20210516_IL_localeEMS_11_100perc_counterfactual_reopen,2020-11-15,100perc,548,2020-11-15,2021-02-09,86.2790697674398
332,331,20210516_IL_localeEMS_11_100perc_counterfactual_reopen,2020-11-15,100perc,517,2020-11-15,2021-02-01,77.7459749552773
361,360,20210516_IL_localeEMS_11_100perc_counterfactual_reopen,2020-11-15,100perc,539,2020-11-15,2021-02-06,82.486583184255
383,382,20210516_IL_localeEMS_11_100perc_counterfactual_reopen,2020-11-15,100perc,519,2020-11-15,2021-01-27,73.0053667262942
66,65,20210516_IL_localeEMS_11_100perc_counterfactual_reopen,2020-11-16,100perc,524,2020-11-16,2021-02-14,90.0715563506274
110,109,20210516_IL_localeEMS_11_100perc_counterfactual_reopen,2020-11-16,100perc,569,2020-11-16,2021-02-10,86.2790697674426
127,126,20210516_IL_localeEMS_11_100perc_counterfactual_reopen,2020-11-16,100perc,536,2020-11-16,2021-02-06,82.4865831842577
135,134,20210516_IL_localeEMS_11_100perc_counterfactual_reopen,2020-11-16,100perc,547,2020-11-16,2021-02-09,85.3309481216443
158,157,20210516_IL_localeEMS_11_100perc_counterfactual_reopen,2020-11-16,100perc,516,2020-11-16,2021-01-24,69.2128801431121
212,211,20210516_IL_localeEMS_11_100perc_counterfactual_reopen,2020-11-16,100perc,526,2020-11-16,2021-01-25,70.1610017889103
225,224,20210516_IL_localeEMS_11_100perc_counterfactual_reopen,2020-11-16,100perc,527,2020-11-16,2021-02-19,94.8121645796051
233,232,20210516_IL_localeEMS_11_100perc_counterfactual_reopen,2020-11-16,100perc,534,2020-11-16,2021-02-08,84.382826475846
17,16,20210516_IL_localeEMS_11_100perc_counterfactual_reopen,2020-11-17,100perc,528,2020-11-17,2021-02-11,86.2790697674426
30,29,20210516_IL_localeEMS_11_100perc_counterfactual_reopen,2020-11-17,100perc,539,2020-11-17,2021-02-20,94.8121645796051
73,72,20210516_IL_localeEMS_11_100perc_counterfactual_reopen,2020-11-17,100perc,518,2020-11-17,2021-02-06,80.5903398926639
132,131,20210516_IL_localeEMS_11_100perc_counterfactual_reopen,2020-11-17,100perc,550,2020-11-17,2021-02-14,89.1234347048319
204,203,20210516_IL_localeEMS_11_100perc_counterfactual_reopen,2020-11-17,100perc,545,2020-11-17,2021-02-10,85.330948121647
253,252,20210516_IL_localeEMS_11_100perc_counterfactual_reopen,2020-11-17,100perc,518,2020-11-17,2021-01-18,62.5760286225406
279,278,20210516_IL_localeEMS_11_100perc_counterfactual_reopen,2020-11-17,100perc,559,2020-11-17,2021-01-31,74.901610017888
74,73,20210516_IL_localeEMS_11_100perc_counterfactual_reopen,2020-11-18,100perc,539,2020-11-18,2021-01-26,69.2128801431121
81,80,20210516_IL_localeEMS_11_100perc_counterfactual_reopen,2020-11-18,100perc,527,2020-11-18,2021-02-11,85.3309481216443
126,125,20210516_IL_localeEMS_11_100perc_counterfactual_reopen,2020-11-18,100perc,520,2020-11-18,2021-01-30,73.0053667262942
148,147,20210516_IL_localeEMS_11_100perc_counterfactual_reopen,2020-11-18,100perc,555,2020-11-18,2021-02-16,90.0715563506219
181,180,20210516_IL_localeEMS_11_100perc_counterfactual_reopen,2020-11-18,100perc,532,2020-11-18,2021-01-24,67.3166368515182
187,186,20210516_IL_localeEMS_11_100perc_counterfactual_reopen,2020-11-18,100perc,531,2020-11-18,2021-02-16,90.0715563506219
247,246,20210516_IL_localeEMS_11_100perc_counterfactual_reopen,2020-11-18,100perc,530,2020-11-18,2021-02-13,87.2271914132353
300,299,20210516_IL_localeEMS_11_100perc_counterfactual_reopen,2020-11-18,100perc,526,2020-11-18,2021-02-19,92.9159212880113
342,341,20210516_IL_localeEMS_11_100perc_counterfactual_reopen,2020-11-18,100perc,535,2020-11-18,2021-02-03,76.797853309479
370,369,20210516_IL_localeEMS_11_100perc_counterfactual_reopen,2020-11-18,100perc,530,2020-11-18,2021-02-02,75.8497316636835
33,32,20210516_IL_localeEMS_11_100perc_counterfactual_reopen,2020-11-19,100perc,537,2020-11-19,2021-01-27,69.2128801431121
56,55,20210516_IL_localeEMS_11_100perc_counterfactual_reopen,2020-11-19,100perc,516,2020-11-19,2021-01-18,60.6797853309496
69,68,20210516_IL_localeEMS_11_100perc_counterfactual_reopen,2020-11-19,100perc,528,2020-11-19,2021-02-03,75.8497316636863
137,136,20210516_IL_localeEMS_11_100perc_counterfactual_reopen,2020-11-19,100perc,516,2020-11-19,2021-01-31,73.0053667262969
144,143,20210516_IL_localeEMS_11_100perc_counterfactual_reopen,2020-11-19,100perc,537,2020-11-19,2021-02-05,77.7459749552801
199,198,20210516_IL_localeEMS_11_100perc_counterfactual_reopen,2020-11-19,100perc,522,2020-11-19,2021-02-02,74.9016100178907
221,220,20210516_IL_localeEMS_11_100perc_counterfactual_reopen,2020-11-19,100perc,521,2020-11-19,2021-02-05,77.7459749552801
259,258,20210516_IL_localeEMS_11_100perc_counterfactual_reopen,2020-11-19,100perc,526,2020-11-19,2021-02-08,81.5384615384594
278,277,20210516_IL_localeEMS_11_100perc_counterfactual_reopen,2020-11-19,100perc,516,2020-11-19,2021-02-15,88.1753130590364
289,288,20210516_IL_localeEMS_11_100perc_counterfactual_reopen,2020-11-19,100perc,541,2020-11-19,2021-02-08,81.5384615384594
295,294,20210516_IL_localeEMS_11_100perc_counterfactual_reopen,2020-11-19,100perc,558,2020-11-19,2021-02-10,83.434704830056
299,298,20210516_IL_localeEMS_11_100perc_counterfactual_reopen,2020-11-19,100perc,520,2020-11-19,2021-01-26,68.2647584973193
304,303,20210516_IL_localeEMS_11_100perc_counterfactual_reopen,2020-11-19,100perc,526,2020-11-19,2021-02-19,91.9677996422185
307,306,20210516_IL_localeEMS_11_100perc_counterfactual_reopen,2020-11-19,100perc,531,2020-11-19,2021-02-04,76.7978533094818
320,319,20210516_IL_localeEMS_11_100perc_counterfactual_reopen,2020-11-19,100perc,525,2020-11-19,2021-02-04,76.7978533094818
368,367,20210516_IL_localeEMS_11_100perc_counterfactual_reopen,2020-11-19,100perc,554,2020-11-19,2021-02-04,76.7978533094818
382,381,20210516_IL_localeEMS_11_100perc_counterfactual_reopen,2020-11-19,100perc,545,2020-11-19,2021-02-15,88.1753130590364
58,57,20210516_IL_localeEMS_11_100perc_counterfactual_reopen,2020-11-20,100perc,527,2020-11-20,2021-02-12,84.3828264758543
61,60,20210516_IL_localeEMS_11_100perc_counterfactual_reopen,2020-11-20,100perc,516,2020-11-20,2021-02-13,85.330948121647
150,149,20210516_IL_localeEMS_11_100perc_counterfactual_reopen,2020-11-20,100perc,533,2020-11-20,2021-01-19,60.6797853309496
156,155,20210516_IL_localeEMS_11_100perc_counterfactual_reopen,2020-11-20,100perc,536,2020-11-20,2021-02-16,88.1753130590336
214,213,20210516_IL_localeEMS_11_100perc_counterfactual_reopen,2020-11-20,100perc,517,2020-11-20,2021-02-12,84.3828264758543
227,226,20210516_IL_localeEMS_11_100perc_counterfactual_reopen,2020-11-20,100perc,521,2020-11-20,2021-02-18,90.0715563506274
267,266,20210516_IL_localeEMS_11_100perc_counterfactual_reopen,2020-11-20,100perc,516,2020-11-20,2021-02-11,83.434704830056
272,271,20210516_IL_localeEMS_11_100perc_counterfactual_reopen,2020-11-20,100perc,553,2020-11-20,2021-02-13,85.330948121647
275,274,20210516_IL_localeEMS_11_100perc_counterfactual_reopen,2020-11-20,100perc,544,2020-11-20,2021-02-20,91.9677996422185
350,349,20210516_IL_localeEMS_11_100perc_counterfactual_reopen,2020-11-20,100perc,520,2020-11-20,2021-02-08,80.5903398926639
362,361,20210516_IL_localeEMS_11_100perc_counterfactual_reopen,2020-11-20,100perc,542,2020-11-20,2021-01-12,53.0948121645826
20,19,20210516_IL_localeEMS_11_100perc_counterfactual_reopen,2020-11-21,100perc,517,2020-11-21,2021-02-06,76.797853309479
36,35,20210516_IL_localeEMS_11_100perc_counterfactual_reopen,2020-11-21,100perc,534,2020-11-21,2021-02-06,77.7459749552773
55,54,20210516_IL_localeEMS_11_100perc_counterfactual_reopen,2020-11-21,100perc,531,2020-11-21,2021-02-21,91.9677996422185
174,173,20210516_IL_localeEMS_11_100perc_counterfactual_reopen,2020-11-21,100perc,528,2020-11-21,2021-02-09,80.5903398926639
269,268,20210516_IL_localeEMS_11_100perc_counterfactual_reopen,2020-11-21,100perc,521,2020-11-21,2021-02-18,89.1234347048292
301,300,20210516_IL_localeEMS_11_100perc_counterfactual_reopen,2020-11-21,100perc,530,2020-11-21,2021-02-24,95.7602862254033
373,372,20210516_IL_localeEMS_11_100perc_counterfactual_reopen,2020-11-21,100perc,548,2020-11-21,2021-01-24,64.4722719141317
389,388,20210516_IL_localeEMS_11_100perc_counterfactual_reopen,2020-11-21,100perc,542,2020-11-21,2021-01-31,71.1091234347031
397,396,20210516_IL_localeEMS_11_100perc_counterfactual_reopen,2020-11-21,100perc,549,2020-11-21,2021-02-09,80.5903398926639
24,23,20210516_IL_localeEMS_11_100perc_counterfactual_reopen,2020-11-22,100perc,534,2020-11-22,2021-03-03,101.449016100177
47,46,20210516_IL_localeEMS_11_100perc_counterfactual_reopen,2020-11-22,100perc,524,2020-11-22,2021-02-16,86.2790697674371
123,122,20210516_IL_localeEMS_11_100perc_counterfactual_reopen,2020-11-22,100perc,555,2020-11-22,2021-02-06,75.8497316636808
138,137,20210516_IL_localeEMS_11_100perc_counterfactual_reopen,2020-11-22,100perc,530,2020-11-22,2021-02-06,75.8497316636808
229,228,20210516_IL_localeEMS_11_100perc_counterfactual_reopen,2020-11-22,100perc,524,2020-11-22,2021-02-06,75.8497316636808
270,269,20210516_IL_localeEMS_11_100perc_counterfactual_reopen,2020-11-22,100perc,529,2020-11-22,2021-02-18,88.1753130590309
287,286,20210516_IL_localeEMS_11_100perc_counterfactual_reopen,2020-11-22,100perc,517,2020-11-22,2021-02-13,83.4347048300505
390,389,20210516_IL_localeEMS_11_100perc_counterfactual_reopen,2020-11-22,100perc,522,2020-11-22,2021-02-05,74.901610017888
14,13,20210516_IL_localeEMS_11_100perc_counterfactual_reopen,2020-11-23,100perc,524,2020-11-23,2021-02-20,89.1234347048292
105,104,20210516_IL_localeEMS_11_100perc_counterfactual_reopen,2020-11-23,100perc,520,2020-11-23,2021-02-02,71.1091234347059
151,150,20210516_IL_localeEMS_11_100perc_counterfactual_reopen,2020-11-23,100perc,531,2020-11-23,2021-02-10,79.6422182468711
155,154,20210516_IL_localeEMS_11_100perc_counterfactual_reopen,2020-11-23,100perc,531,2020-11-23,2021-02-08,77.7459749552746
168,167,20210516_IL_localeEMS_11_100perc_counterfactual_reopen,2020-11-23,100perc,531,2020-11-23,2021-02-07,76.7978533094818
180,179,20210516_IL_localeEMS_11_100perc_counterfactual_reopen,2020-11-23,100perc,520,2020-11-23,2021-02-04,73.0053667262969
184,183,20210516_IL_localeEMS_11_100perc_counterfactual_reopen,2020-11-23,100perc,520,2020-11-23,2021-02-10,79.6422182468711
188,187,20210516_IL_localeEMS_11_100perc_counterfactual_reopen,2020-11-23,100perc,535,2020-11-23,2021-01-26,64.4722719141344
223,222,20210516_IL_localeEMS_11_100perc_counterfactual_reopen,2020-11-23,100perc,545,2020-11-23,2021-02-16,85.3309481216443
258,257,20210516_IL_localeEMS_11_100perc_counterfactual_reopen,2020-11-23,100perc,534,2020-11-23,2021-02-10,79.6422182468711
381,380,20210516_IL_localeEMS_11_100perc_counterfactual_reopen,2020-11-23,100perc,532,2020-11-23,2021-01-30,68.2647584973165
386,385,20210516_IL_localeEMS_11_100perc_counterfactual_reopen,2020-11-23,100perc,520,2020-11-23,2021-01-30,68.2647584973165
11,10,20210516_IL_localeEMS_11_100perc_counterfactual_reopen,2020-11-24,100perc,538,2020-11-24,2021-02-17,85.330948121647
78,77,20210516_IL_localeEMS_11_100perc_counterfactual_reopen,2020-11-24,100perc,525,2020-11-24,2021-02-11,79.6422182468711
140,139,20210516_IL_localeEMS_11_100perc_counterfactual_reopen,2020-11-24,100perc,516,2020-11-24,2021-02-18,86.2790697674426
141,140,20210516_IL_localeEMS_11_100perc_counterfactual_reopen,2020-11-24,100perc,550,2020-11-24,2021-02-13,81.5384615384622
147,146,20210516_IL_localeEMS_11_100perc_counterfactual_reopen,2020-11-24,100perc,518,2020-11-24,2021-02-22,90.0715563506274
164,163,20210516_IL_localeEMS_11_100perc_counterfactual_reopen,2020-11-24,100perc,523,2020-11-24,2021-01-13,50.2504472271905
242,241,20210516_IL_localeEMS_11_100perc_counterfactual_reopen,2020-11-24,100perc,533,2020-11-24,2021-01-31,68.2647584973165
317,316,20210516_IL_localeEMS_11_100perc_counterfactual_reopen,2020-11-24,100perc,517,2020-11-24,2021-02-09,77.7459749552773
364,363,20210516_IL_localeEMS_11_100perc_counterfactual_reopen,2020-11-24,100perc,528,2020-11-24,2021-02-16,84.3828264758488
31,30,20210516_IL_localeEMS_11_100perc_counterfactual_reopen,2020-11-24,100perc,547,2020-11-24,2021-01-13,49.3023255813922
67,66,20210516_IL_localeEMS_11_100perc_counterfactual_reopen,2020-11-24,100perc,540,2020-11-24,2021-01-26,62.5760286225406
134,133,20210516_IL_localeEMS_11_100perc_counterfactual_reopen,2020-11-24,100perc,532,2020-11-24,2021-01-30,66.3685152057227
142,141,20210516_IL_localeEMS_11_100perc_counterfactual_reopen,2020-11-24,100perc,522,2020-11-24,2021-02-10,77.7459749552773
157,156,20210516_IL_localeEMS_11_100perc_counterfactual_reopen,2020-11-24,100perc,520,2020-11-24,2021-02-18,85.3309481216443
203,202,20210516_IL_localeEMS_11_100perc_counterfactual_reopen,2020-11-24,100perc,540,2020-11-24,2021-02-03,70.1610017889076
210,209,20210516_IL_localeEMS_11_100perc_counterfactual_reopen,2020-11-24,100perc,517,2020-11-24,2021-02-17,84.3828264758488
271,270,20210516_IL_localeEMS_11_100perc_counterfactual_reopen,2020-11-24,100perc,523,2020-11-24,2021-02-13,80.5903398926639
83,82,20210516_IL_localeEMS_11_100perc_counterfactual_reopen,2020-11-25,100perc,525,2020-11-25,2021-02-04,70.1610017889103
169,168,20210516_IL_localeEMS_11_100perc_counterfactual_reopen,2020-11-25,100perc,516,2020-11-25,2021-02-24,91.0196779964257
264,263,20210516_IL_localeEMS_11_100perc_counterfactual_reopen,2020-11-25,100perc,523,2020-11-25,2021-02-06,73.0053667262997
72,71,20210516_IL_localeEMS_11_100perc_counterfactual_reopen,2020-11-26,100perc,528,2020-11-26,2021-02-04,69.2128801431121
145,144,20210516_IL_localeEMS_11_100perc_counterfactual_reopen,2020-11-26,100perc,517,2020-11-26,2021-02-13,78.6940966010728
162,161,20210516_IL_localeEMS_11_100perc_counterfactual_reopen,2020-11-26,100perc,541,2020-11-26,2021-02-14,79.6422182468711
215,214,20210516_IL_localeEMS_11_100perc_counterfactual_reopen,2020-11-26,100perc,517,2020-11-26,2021-02-08,73.9534883720897
250,249,20210516_IL_localeEMS_11_100perc_counterfactual_reopen,2020-11-26,100perc,537,2020-11-26,2021-02-15,80.5903398926666
266,265,20210516_IL_localeEMS_11_100perc_counterfactual_reopen,2020-11-26,100perc,517,2020-11-26,2021-02-25,91.019677996423
283,282,20210516_IL_localeEMS_11_100perc_counterfactual_reopen,2020-11-26,100perc,530,2020-11-26,2021-03-02,95.7602862254006
338,337,20210516_IL_localeEMS_11_100perc_counterfactual_reopen,2020-11-26,100perc,526,2020-11-26,2021-02-28,93.8640429338123
106,105,20210516_IL_localeEMS_11_100perc_counterfactual_reopen,2020-11-27,100perc,519,2020-11-27,2021-02-20,84.3828264758488
109,108,20210516_IL_localeEMS_11_100perc_counterfactual_reopen,2020-11-27,100perc,543,2020-11-27,2021-02-01,65.42039355993
230,229,20210516_IL_localeEMS_11_100perc_counterfactual_reopen,2020-11-27,100perc,521,2020-11-27,2021-02-11,75.8497316636863
249,248,20210516_IL_localeEMS_11_100perc_counterfactual_reopen,2020-11-27,100perc,523,2020-11-27,2021-01-29,62.5760286225434
273,272,20210516_IL_localeEMS_11_100perc_counterfactual_reopen,2020-11-27,100perc,520,2020-11-27,2021-01-30,63.5241502683361
351,350,20210516_IL_localeEMS_11_100perc_counterfactual_reopen,2020-11-27,100perc,527,2020-11-27,2021-02-15,79.6422182468711
377,376,20210516_IL_localeEMS_11_100perc_counterfactual_reopen,2020-11-27,100perc,524,2020-11-27,2021-02-17,81.5384615384622
107,106,20210516_IL_localeEMS_11_100perc_counterfactual_reopen,2020-11-28,100perc,518,2020-11-28,2021-02-16,79.6422182468656
152,151,20210516_IL_localeEMS_11_100perc_counterfactual_reopen,2020-11-28,100perc,519,2020-11-28,2021-02-10,73.9534883720925
21,20,20210516_IL_localeEMS_11_100perc_counterfactual_reopen,2020-11-29,100perc,526,2020-11-29,2021-02-06,68.2647584973165
222,221,20210516_IL_localeEMS_11_100perc_counterfactual_reopen,2020-11-29,100perc,539,2020-11-29,2021-02-11,73.9534883720952
326,325,20210516_IL_localeEMS_11_100perc_counterfactual_reopen,2020-11-29,100perc,526,2020-11-29,2021-02-10,73.0053667262997
93,92,20210516_IL_localeEMS_11_100perc_counterfactual_reopen,2020-11-30,100perc,535,2020-11-30,2021-02-13,74.901610017888
236,235,20210516_IL_localeEMS_11_100perc_counterfactual_reopen,2020-11-30,100perc,539,2020-11-30,2021-02-20,81.5384615384594
41,40,20210516_IL_localeEMS_11_100perc_counterfactual_reopen,2020-12-01,100perc,538,2020-12-01,2021-02-06,67.316636851521
124,123,20210516_IL_localeEMS_11_100perc_counterfactual_reopen,2020-12-01,100perc,523,2020-12-01,2021-02-14,74.9016100178907
355,354,20210516_IL_localeEMS_11_100perc_counterfactual_reopen,2020-12-01,100perc,524,2020-12-01,2021-02-23,83.4347048300533
4,3,20210516_IL_localeEMS_11_100perc_counterfactual_reopen,2020-12-02,100perc,538,2020-12-02,2021-03-02,90.0715563506219
25,24,20210516_IL_localeEMS_11_100perc_counterfactual_reopen,2020-12-02,100perc,522,2020-12-02,2021-02-23,82.486583184255
34,33,20210516_IL_localeEMS_11_100perc_counterfactual_reopen,2020-12-02,100perc,520,2020-12-02,2021-02-01,60.6797853309468
52,51,20210516_IL_localeEMS_11_100perc_counterfactual_reopen,2020-12-02,100perc,517,2020-12-02,2021-02-06,65.4203935599244
75,74,20210516_IL_localeEMS_11_100perc_counterfactual_reopen,2020-12-02,100perc,531,2020-12-02,2021-02-25,85.3309481216443
173,172,20210516_IL_localeEMS_11_100perc_counterfactual_reopen,2020-12-02,100perc,547,2020-12-02,2021-02-11,71.1091234347031
354,353,20210516_IL_localeEMS_11_100perc_counterfactual_reopen,2020-12-02,100perc,523,2020-12-02,2021-02-15,74.901610017888
87,86,20210516_IL_localeEMS_11_100perc_counterfactual_reopen,2020-12-03,100perc,531,2020-12-03,2021-02-18,76.7978533094818
154,153,20210516_IL_localeEMS_11_100perc_counterfactual_reopen,2020-12-03,100perc,520,2020-12-03,2021-03-06,92.915921288014
315,314,20210516_IL_localeEMS_11_100perc_counterfactual_reopen,2020-12-03,100perc,523,2020-12-03,2021-02-22,80.5903398926666
208,207,20210516_IL_localeEMS_11_100perc_counterfactual_reopen,2020-12-04,100perc,519,2020-12-04,2021-03-13,98.6046511627899
290,289,20210516_IL_localeEMS_11_100perc_counterfactual_reopen,2020-12-04,100perc,519,2020-12-04,2021-02-24,82.4865831842577
85,84,20210516_IL_localeEMS_11_100perc_counterfactual_reopen,2020-12-05,100perc,533,2020-12-05,2021-01-30,55.9391771019664
298,297,20210516_IL_localeEMS_11_100perc_counterfactual_reopen,2020-12-05,100perc,539,2020-12-05,2021-02-20,76.797853309479
306,305,20210516_IL_localeEMS_11_100perc_counterfactual_reopen,2020-12-05,100perc,563,2020-12-05,2021-02-13,70.1610017889076
64,63,20210516_IL_localeEMS_11_100perc_counterfactual_reopen,2020-12-06,100perc,540,2020-12-06,2021-02-24,80.5903398926694
108,107,20210516_IL_localeEMS_11_100perc_counterfactual_reopen,2020-12-06,100perc,525,2020-12-06,2021-02-21,76.7978533094845
358,357,20210516_IL_localeEMS_11_100perc_counterfactual_reopen,2020-12-06,100perc,532,2020-12-06,2021-02-25,81.5384615384649
308,307,20210516_IL_localeEMS_11_100perc_counterfactual_reopen,2020-12-07,100perc,520,2020-12-07,2021-01-27,51.198568872986
48,47,20210516_IL_localeEMS_11_100perc_counterfactual_reopen,2020-12-08,100perc,524,2020-12-08,2021-03-04,86.2790697674426
260,259,20210516_IL_localeEMS_11_100perc_counterfactual_reopen,2020-12-08,100perc,527,2020-12-08,2021-03-12,93.8640429338095
262,261,20210516_IL_localeEMS_11_100perc_counterfactual_reopen,2020-12-09,100perc,546,2020-12-09,2021-01-25,47.4060822898039
76,75,20210516_IL_localeEMS_11_100perc_counterfactual_reopen,2020-12-10,100perc,523,2020-12-10,2021-02-11,63.5241502683389
99,98,20210516_IL_localeEMS_11_100perc_counterfactual_reopen,2020-12-10,100perc,523,2020-12-10,2021-02-10,62.5760286225434
325,324,20210516_IL_localeEMS_11_100perc_counterfactual_reopen,2020-12-10,100perc,519,2020-12-10,2021-03-01,81.5384615384649
130,129,20210516_IL_localeEMS_11_100perc_counterfactual_reopen,2020-12-11,100perc,521,2020-12-11,2021-02-13,64.4722719141317
139,138,20210516_IL_localeEMS_11_100perc_counterfactual_reopen,2020-12-11,100perc,529,2020-12-11,2021-02-21,72.0572450805014
131,130,20210516_IL_localeEMS_11_100perc_counterfactual_reopen,2020-12-12,100perc,525,2020-12-12,2021-02-21,71.1091234347059
337,336,20210516_IL_localeEMS_11_100perc_counterfactual_reopen,2020-12-12,100perc,529,2020-12-12,2021-02-25,75.8497316636863
244,243,20210516_IL_localeEMS_11_100perc_counterfactual_reopen,2020-12-13,100perc,535,2020-12-13,2021-02-23,72.0572450804986
344,343,20210516_IL_localeEMS_11_100perc_counterfactual_reopen,2020-12-13,100perc,522,2020-12-13,2021-02-24,72.0572450805014
194,193,20210516_IL_localeEMS_11_100perc_counterfactual_reopen,2020-12-14,100perc,524,2020-12-14,2021-01-30,46.4579606440056
252,251,20210516_IL_localeEMS_11_100perc_counterfactual_reopen,2020-12-14,100perc,516,2020-12-14,2021-02-23,70.1610017889076
28,27,20210516_IL_localeEMS_11_100perc_counterfactual_reopen,2020-12-15,100perc,521,2020-12-15,2021-02-10,56.8872987477647
213,212,20210516_IL_localeEMS_11_100perc_counterfactual_reopen,2020-12-15,100perc,549,2020-12-15,2021-03-07,81.5384615384622
305,304,20210516_IL_localeEMS_11_100perc_counterfactual_reopen,2020-12-17,100perc,518,2020-12-17,2021-02-26,71.1091234347059
255,254,20210516_IL_localeEMS_11_100perc_counterfactual_reopen,2020-12-18,100perc,526,2020-12-18,2021-02-28,72.0572450805014
280,279,20210516_IL_localeEMS_11_100perc_counterfactual_reopen,2020-12-19,100perc,531,2020-12-19,2021-03-14,85.330948121647
100,99,20210516_IL_localeEMS_11_100perc_counterfactual_reopen,2020-12-20,100perc,518,2020-12-20,2021-02-18,59.7316636851513
136,135,20210516_IL_localeEMS_11_100perc_counterfactual_reopen,2020-12-20,100perc,526,2020-12-20,2021-02-21,62.5760286225406
1,0,20210516_IL_localeEMS_11_100perc_counterfactual_reopen,2020-12-23,100perc,516,2020-12-23,2021-02-20,58.7835420393558
380,379,20210516_IL_localeEMS_11_100perc_counterfactual_reopen,2020-12-25,100perc,534,2020-12-25,2021-03-08,73.0053667262942
219,218,20210516_IL_localeEMS_11_100perc_counterfactual_reopen,2020-12-26,100perc,527,2020-12-26,2021-03-09,73.0053667262942
265,264,20210516_IL_localeEMS_11_100perc_counterfactual_reopen,2020-12-26,100perc,540,2020-12-26,2021-03-26,90.0715563506219
288,287,20210516_IL_localeEMS_11_100perc_counterfactual_reopen,2020-12-26,100perc,532,2020-12-26,2021-03-01,65.4203935599272
378,377,20210516_IL_localeEMS_11_100perc_counterfactual_reopen,2020-12-31,100perc,528,2020-12-31,2021-03-20,78.6940966010756
2,1,20210516_IL_localeEMS_11_100perc_counterfactual_reopen,2021-01-05,100perc,532,2021-01-05,2021-03-08,61.6279069767396
90,89,20210516_IL_localeEMS_11_50perc_counterfactual_reopen,2020-11-12,50perc,530,2020-11-12,2021-02-23,102.397137745972
254,253,20210516_IL_localeEMS_11_50perc_counterfactual_reopen,2020-11-13,50perc,520,2020-11-13,2021-03-03,109.982110912345
160,159,20210516_IL_localeEMS_11_50perc_counterfactual_reopen,2020-11-17,50perc,536,2020-11-17,2021-02-28,103.345259391773
167,166,20210516_IL_localeEMS_11_50perc_counterfactual_reopen,2020-11-17,50perc,538,2020-11-17,2021-03-07,109.982110912345
314,313,20210516_IL_localeEMS_11_50perc_counterfactual_reopen,2020-11-19,50perc,518,2020-11-19,2021-02-06,78.6940966010728
192,191,20210516_IL_localeEMS_11_50perc_counterfactual_reopen,2020-11-21,50perc,526,2020-11-21,2021-03-03,102.397137745975
312,311,20210516_IL_localeEMS_11_50perc_counterfactual_reopen,2020-11-21,50perc,543,2020-11-21,2021-02-16,87.2271914132353
16,15,20210516_IL_localeEMS_11_50perc_counterfactual_reopen,2020-11-22,50perc,523,2020-11-22,2021-02-08,78.6940966010673
40,39,20210516_IL_localeEMS_11_50perc_counterfactual_reopen,2020-11-22,50perc,531,2020-11-22,2021-02-21,91.0196779964202
62,61,20210516_IL_localeEMS_11_50perc_counterfactual_reopen,2020-11-22,50perc,541,2020-11-22,2021-03-05,103.345259391768
170,169,20210516_IL_localeEMS_11_50perc_counterfactual_reopen,2020-11-22,50perc,525,2020-11-22,2021-02-24,94.8121645796051
239,238,20210516_IL_localeEMS_11_50perc_counterfactual_reopen,2020-11-23,50perc,517,2020-11-23,2021-02-12,81.5384615384649
356,355,20210516_IL_localeEMS_11_50perc_counterfactual_reopen,2020-11-23,50perc,530,2020-11-23,2021-02-27,96.7084078711989
388,387,20210516_IL_localeEMS_11_50perc_counterfactual_reopen,2020-11-23,50perc,554,2020-11-23,2021-02-24,92.915921288014
5,4,20210516_IL_localeEMS_11_50perc_counterfactual_reopen,2020-11-24,50perc,517,2020-11-24,2021-02-15,83.434704830056
129,128,20210516_IL_localeEMS_11_50perc_counterfactual_reopen,2020-11-24,50perc,517,2020-11-24,2021-03-08,103.345259391768
216,215,20210516_IL_localeEMS_11_50perc_counterfactual_reopen,2020-11-24,50perc,523,2020-11-24,2021-02-24,91.0196779964202
302,301,20210516_IL_localeEMS_11_50perc_counterfactual_reopen,2020-11-24,50perc,518,2020-11-24,2021-02-28,95.7602862254033
316,315,20210516_IL_localeEMS_11_50perc_counterfactual_reopen,2020-11-24,50perc,536,2020-11-24,2021-03-04,99.5527728085882
22,21,20210516_IL_localeEMS_11_50perc_counterfactual_reopen,2020-11-25,50perc,517,2020-11-25,2021-02-13,79.6422182468711
60,59,20210516_IL_localeEMS_11_50perc_counterfactual_reopen,2020-11-25,50perc,518,2020-11-25,2021-02-21,87.2271914132409
128,127,20210516_IL_localeEMS_11_50perc_counterfactual_reopen,2020-11-25,50perc,527,2020-11-25,2021-02-20,86.2790697674426
340,339,20210516_IL_localeEMS_11_50perc_counterfactual_reopen,2020-11-25,50perc,522,2020-11-25,2021-02-07,73.9534883720952
374,373,20210516_IL_localeEMS_11_50perc_counterfactual_reopen,2020-11-25,50perc,529,2020-11-25,2021-02-25,91.9677996422212
23,22,20210516_IL_localeEMS_11_50perc_counterfactual_reopen,2020-11-26,50perc,522,2020-11-26,2021-02-25,91.019677996423
44,43,20210516_IL_localeEMS_11_50perc_counterfactual_reopen,2020-11-27,50perc,525,2020-11-27,2021-02-15,79.6422182468711
291,290,20210516_IL_localeEMS_11_50perc_counterfactual_reopen,2020-11-27,50perc,520,2020-11-27,2021-02-20,84.3828264758488
82,81,20210516_IL_localeEMS_11_50perc_counterfactual_reopen,2020-11-28,50perc,529,2020-11-28,2021-03-06,97.6565295169917
330,329,20210516_IL_localeEMS_11_50perc_counterfactual_reopen,2020-11-28,50perc,542,2020-11-28,2021-02-14,77.7459749552773
343,342,20210516_IL_localeEMS_11_50perc_counterfactual_reopen,2020-11-28,50perc,521,2020-11-28,2021-03-15,107.137745974952
385,384,20210516_IL_localeEMS_11_50perc_counterfactual_reopen,2020-11-28,50perc,522,2020-11-28,2021-03-09,100.500894454381
392,391,20210516_IL_localeEMS_11_50perc_counterfactual_reopen,2020-11-28,50perc,546,2020-11-28,2021-03-31,122.307692307692
86,85,20210516_IL_localeEMS_11_50perc_counterfactual_reopen,2020-11-29,50perc,530,2020-11-29,2021-03-14,105.241502683367
292,291,20210516_IL_localeEMS_11_50perc_counterfactual_reopen,2020-11-29,50perc,527,2020-11-29,2021-03-22,112.826475849731
322,321,20210516_IL_localeEMS_11_50perc_counterfactual_reopen,2020-11-29,50perc,522,2020-11-29,2021-03-10,100.500894454384
88,87,20210516_IL_localeEMS_11_50perc_counterfactual_reopen,2020-11-30,50perc,529,2020-11-30,2021-03-18,108.085867620748
186,185,20210516_IL_localeEMS_11_50perc_counterfactual_reopen,2020-11-30,50perc,520,2020-11-30,2021-02-18,79.6422182468684
297,296,20210516_IL_localeEMS_11_50perc_counterfactual_reopen,2020-11-30,50perc,516,2020-11-30,2021-03-21,110.93023255814
341,340,20210516_IL_localeEMS_11_50perc_counterfactual_reopen,2020-11-30,50perc,518,2020-11-30,2021-02-24,86.2790697674426
96,95,20210516_IL_localeEMS_11_50perc_counterfactual_reopen,2020-12-01,50perc,519,2020-12-01,2021-03-06,94.8121645796051
115,114,20210516_IL_localeEMS_11_50perc_counterfactual_reopen,2020-12-01,50perc,526,2020-12-01,2021-03-14,103.345259391773
313,312,20210516_IL_localeEMS_11_50perc_counterfactual_reopen,2020-12-01,50perc,519,2020-12-01,2021-02-25,86.2790697674426
185,184,20210516_IL_localeEMS_11_50perc_counterfactual_reopen,2020-12-02,50perc,520,2020-12-02,2021-02-28,88.1753130590336
97,96,20210516_IL_localeEMS_11_50perc_counterfactual_reopen,2020-12-04,50perc,525,2020-12-04,2021-03-04,90.0715563506274
190,189,20210516_IL_localeEMS_11_50perc_counterfactual_reopen,2020-12-04,50perc,520,2020-12-04,2021-02-15,73.0053667262969
238,237,20210516_IL_localeEMS_11_50perc_counterfactual_reopen,2020-12-04,50perc,532,2020-12-04,2021-02-22,79.6422182468684
323,322,20210516_IL_localeEMS_11_50perc_counterfactual_reopen,2020-12-04,50perc,528,2020-12-04,2021-02-10,68.2647584973165
53,52,20210516_IL_localeEMS_11_50perc_counterfactual_reopen,2020-12-05,50perc,525,2020-12-05,2021-03-20,105.241502683364
68,67,20210516_IL_localeEMS_11_50perc_counterfactual_reopen,2020-12-05,50perc,521,2020-12-05,2021-03-05,90.0715563506247
207,206,20210516_IL_localeEMS_11_50perc_counterfactual_reopen,2020-12-05,50perc,520,2020-12-05,2021-03-10,94.8121645796051
246,245,20210516_IL_localeEMS_11_50perc_counterfactual_reopen,2020-12-05,50perc,523,2020-12-05,2021-01-30,55.9391771019664
309,308,20210516_IL_localeEMS_11_50perc_counterfactual_reopen,2020-12-05,50perc,518,2020-12-05,2021-03-14,98.6046511627899
318,317,20210516_IL_localeEMS_11_50perc_counterfactual_reopen,2020-12-05,50perc,535,2020-12-05,2021-02-26,83.4347048300533
353,352,20210516_IL_localeEMS_11_50perc_counterfactual_reopen,2020-12-06,50perc,538,2020-12-06,2021-02-18,73.9534883720952
13,12,20210516_IL_localeEMS_11_50perc_counterfactual_reopen,2020-12-07,50perc,522,2020-12-07,2021-02-03,57.8354203935602
45,44,20210516_IL_localeEMS_11_50perc_counterfactual_reopen,2020-12-07,50perc,544,2020-12-07,2021-03-22,105.241502683361
46,45,20210516_IL_localeEMS_11_50perc_counterfactual_reopen,2020-12-08,50perc,521,2020-12-08,2021-02-24,77.7459749552746
79,78,20210516_IL_localeEMS_11_50perc_counterfactual_reopen,2020-12-08,50perc,545,2020-12-08,2021-02-11,65.4203935599272
103,102,20210516_IL_localeEMS_11_50perc_counterfactual_reopen,2020-12-08,50perc,524,2020-12-08,2021-02-25,79.6422182468684
113,112,20210516_IL_localeEMS_11_50perc_counterfactual_reopen,2020-12-08,50perc,519,2020-12-08,2021-03-04,86.2790697674426
201,200,20210516_IL_localeEMS_11_50perc_counterfactual_reopen,2020-12-08,50perc,516,2020-12-08,2021-04-01,114.722719141322
334,333,20210516_IL_localeEMS_11_50perc_counterfactual_reopen,2020-12-08,50perc,525,2020-12-08,2021-03-04,86.2790697674426
118,117,20210516_IL_localeEMS_11_50perc_counterfactual_reopen,2020-12-09,50perc,529,2020-12-09,2021-03-25,106.18962432916
232,231,20210516_IL_localeEMS_11_50perc_counterfactual_reopen,2020-12-09,50perc,529,2020-12-09,2021-02-26,79.6422182468684
111,110,20210516_IL_localeEMS_11_50perc_counterfactual_reopen,2020-12-10,50perc,520,2020-12-10,2021-04-05,116.618962432916
161,160,20210516_IL_localeEMS_11_50perc_counterfactual_reopen,2020-12-10,50perc,526,2020-12-10,2021-03-10,90.0715563506274
172,171,20210516_IL_localeEMS_11_50perc_counterfactual_reopen,2020-12-10,50perc,533,2020-12-10,2021-03-14,94.8121645796106
176,175,20210516_IL_localeEMS_11_50perc_counterfactual_reopen,2020-12-10,50perc,547,2020-12-10,2021-03-02,82.4865831842577
205,204,20210516_IL_localeEMS_11_50perc_counterfactual_reopen,2020-12-10,50perc,521,2020-12-10,2021-03-13,92.9159212880168
80,79,20210516_IL_localeEMS_11_50perc_counterfactual_reopen,2020-12-11,50perc,520,2020-12-11,2021-03-20,99.5527728085882
399,398,20210516_IL_localeEMS_11_50perc_counterfactual_reopen,2020-12-11,50perc,520,2020-12-11,2021-03-23,102.397137745975
50,49,20210516_IL_localeEMS_11_50perc_counterfactual_reopen,2020-12-12,50perc,534,2020-12-12,2021-03-10,88.1753130590336
226,225,20210516_IL_localeEMS_11_50perc_counterfactual_reopen,2020-12-12,50perc,525,2020-12-12,2021-03-27,105.241502683364
348,347,20210516_IL_localeEMS_11_50perc_counterfactual_reopen,2020-12-12,50perc,517,2020-12-12,2021-03-15,93.8640429338095
237,236,20210516_IL_localeEMS_11_50perc_counterfactual_reopen,2020-12-13,50perc,528,2020-12-13,2021-03-09,86.2790697674398
241,240,20210516_IL_localeEMS_11_50perc_counterfactual_reopen,2020-12-13,50perc,540,2020-12-13,2021-03-16,93.8640429338095
282,281,20210516_IL_localeEMS_11_50perc_counterfactual_reopen,2020-12-13,50perc,520,2020-12-13,2021-02-27,76.797853309479
371,370,20210516_IL_localeEMS_11_50perc_counterfactual_reopen,2020-12-13,50perc,537,2020-12-13,2021-02-22,71.1091234347031
179,178,20210516_IL_localeEMS_11_50perc_counterfactual_reopen,2020-12-13,50perc,565,2020-12-13,2021-03-01,77.7459749552801
197,196,20210516_IL_localeEMS_11_50perc_counterfactual_reopen,2020-12-13,50perc,520,2020-12-13,2021-03-08,84.3828264758488
240,239,20210516_IL_localeEMS_11_50perc_counterfactual_reopen,2020-12-13,50perc,517,2020-12-13,2021-03-10,86.2790697674426
311,310,20210516_IL_localeEMS_11_50perc_counterfactual_reopen,2020-12-13,50perc,523,2020-12-13,2021-03-04,80.5903398926694
32,31,20210516_IL_localeEMS_11_50perc_counterfactual_reopen,2020-12-14,50perc,524,2020-12-14,2021-03-31,106.18962432916
171,170,20210516_IL_localeEMS_11_50perc_counterfactual_reopen,2020-12-14,50perc,526,2020-12-14,2021-02-14,61.6279069767451
177,176,20210516_IL_localeEMS_11_50perc_counterfactual_reopen,2020-12-14,50perc,518,2020-12-14,2021-02-26,73.9534883720925
209,208,20210516_IL_localeEMS_11_50perc_counterfactual_reopen,2020-12-14,50perc,536,2020-12-14,2021-03-22,97.6565295169917
224,223,20210516_IL_localeEMS_11_50perc_counterfactual_reopen,2020-12-14,50perc,527,2020-12-14,2021-03-04,79.6422182468711
286,285,20210516_IL_localeEMS_11_50perc_counterfactual_reopen,2020-12-14,50perc,517,2020-12-14,2021-02-11,58.7835420393558
324,323,20210516_IL_localeEMS_11_50perc_counterfactual_reopen,2020-12-14,50perc,516,2020-12-14,2021-03-04,79.6422182468711
331,330,20210516_IL_localeEMS_11_50perc_counterfactual_reopen,2020-12-14,50perc,536,2020-12-14,2021-03-22,97.6565295169917
333,332,20210516_IL_localeEMS_11_50perc_counterfactual_reopen,2020-12-14,50perc,534,2020-12-14,2021-03-14,90.0715563506274
10,9,20210516_IL_localeEMS_11_50perc_counterfactual_reopen,2020-12-15,50perc,535,2020-12-15,2021-03-03,77.7459749552773
43,42,20210516_IL_localeEMS_11_50perc_counterfactual_reopen,2020-12-15,50perc,525,2020-12-15,2021-03-09,83.4347048300533
51,50,20210516_IL_localeEMS_11_50perc_counterfactual_reopen,2020-12-15,50perc,522,2020-12-15,2021-02-26,73.0053667262969
206,205,20210516_IL_localeEMS_11_50perc_counterfactual_reopen,2020-12-15,50perc,521,2020-12-15,2021-02-24,70.1610017889076
294,293,20210516_IL_localeEMS_11_50perc_counterfactual_reopen,2020-12-15,50perc,526,2020-12-15,2021-03-01,75.8497316636863
365,364,20210516_IL_localeEMS_11_50perc_counterfactual_reopen,2020-12-15,50perc,517,2020-12-15,2021-03-10,84.3828264758488
372,371,20210516_IL_localeEMS_11_50perc_counterfactual_reopen,2020-12-15,50perc,528,2020-12-15,2021-03-26,100.500894454381
133,132,20210516_IL_localeEMS_11_50perc_counterfactual_reopen,2020-12-16,50perc,538,2020-12-16,2021-02-26,72.0572450805014
114,113,20210516_IL_localeEMS_11_50perc_counterfactual_reopen,2020-12-17,50perc,523,2020-12-17,2021-03-11,83.434704830056
191,190,20210516_IL_localeEMS_11_50perc_counterfactual_reopen,2020-12-17,50perc,517,2020-12-17,2021-02-28,73.0053667262997
263,262,20210516_IL_localeEMS_11_50perc_counterfactual_reopen,2020-12-17,50perc,529,2020-12-17,2021-04-01,104.293381037569
303,302,20210516_IL_localeEMS_11_50perc_counterfactual_reopen,2020-12-17,50perc,527,2020-12-17,2021-03-13,85.330948121647
345,344,20210516_IL_localeEMS_11_50perc_counterfactual_reopen,2020-12-17,50perc,525,2020-12-17,2021-03-27,99.5527728085882
394,393,20210516_IL_localeEMS_11_50perc_counterfactual_reopen,2020-12-17,50perc,525,2020-12-17,2021-03-02,74.901610017888
89,88,20210516_IL_localeEMS_11_50perc_counterfactual_reopen,2020-12-18,50perc,520,2020-12-18,2021-03-26,97.6565295169917
153,152,20210516_IL_localeEMS_11_50perc_counterfactual_reopen,2020-12-18,50perc,529,2020-12-18,2021-03-19,91.0196779964202
178,177,20210516_IL_localeEMS_11_50perc_counterfactual_reopen,2020-12-18,50perc,524,2020-12-18,2021-02-08,52.1466905187788
257,256,20210516_IL_localeEMS_11_50perc_counterfactual_reopen,2020-12-18,50perc,529,2020-12-18,2021-02-27,71.1091234347031
276,275,20210516_IL_localeEMS_11_50perc_counterfactual_reopen,2020-12-18,50perc,531,2020-12-18,2021-02-18,61.6279069767423
19,18,20210516_IL_localeEMS_11_50perc_counterfactual_reopen,2020-12-19,50perc,516,2020-12-19,2021-03-08,78.6940966010701
95,94,20210516_IL_localeEMS_11_50perc_counterfactual_reopen,2020-12-19,50perc,525,2020-12-19,2021-03-10,80.5903398926639
243,242,20210516_IL_localeEMS_11_50perc_counterfactual_reopen,2020-12-19,50perc,523,2020-12-19,2021-02-24,67.316636851521
256,255,20210516_IL_localeEMS_11_50perc_counterfactual_reopen,2020-12-19,50perc,526,2020-12-19,2021-03-27,97.6565295169944
122,121,20210516_IL_localeEMS_11_50perc_counterfactual_reopen,2020-12-20,50perc,517,2020-12-20,2021-03-18,88.1753130590309
228,227,20210516_IL_localeEMS_11_50perc_counterfactual_reopen,2020-12-20,50perc,521,2020-12-20,2021-03-12,81.5384615384622
248,247,20210516_IL_localeEMS_11_50perc_counterfactual_reopen,2020-12-20,50perc,528,2020-12-20,2021-03-21,91.019677996423
274,273,20210516_IL_localeEMS_11_50perc_counterfactual_reopen,2020-12-20,50perc,530,2020-12-20,2021-03-12,81.5384615384622
327,326,20210516_IL_localeEMS_11_50perc_counterfactual_reopen,2020-12-20,50perc,524,2020-12-20,2021-02-28,70.1610017889103
7,6,20210516_IL_localeEMS_11_50perc_counterfactual_reopen,2020-12-21,50perc,527,2020-12-21,2021-03-31,99.5527728085882
92,91,20210516_IL_localeEMS_11_50perc_counterfactual_reopen,2020-12-21,50perc,532,2020-12-21,2021-04-02,102.397137745975
143,142,20210516_IL_localeEMS_11_50perc_counterfactual_reopen,2020-12-21,50perc,517,2020-12-21,2021-03-15,84.3828264758488
335,334,20210516_IL_localeEMS_11_50perc_counterfactual_reopen,2020-12-21,50perc,528,2020-12-21,2021-02-13,54.0429338103754
336,335,20210516_IL_localeEMS_11_50perc_counterfactual_reopen,2020-12-21,50perc,522,2020-12-21,2021-03-29,97.6565295169972
193,192,20210516_IL_localeEMS_11_50perc_counterfactual_reopen,2020-12-22,50perc,519,2020-12-22,2021-02-28,68.2647584973165
284,283,20210516_IL_localeEMS_11_50perc_counterfactual_reopen,2020-12-22,50perc,539,2020-12-22,2021-03-13,80.5903398926639
375,374,20210516_IL_localeEMS_11_50perc_counterfactual_reopen,2020-12-22,50perc,522,2020-12-22,2021-02-20,59.7316636851485
12,11,20210516_IL_localeEMS_11_50perc_counterfactual_reopen,2020-12-23,50perc,521,2020-12-23,2021-04-08,106.18962432916
27,26,20210516_IL_localeEMS_11_50perc_counterfactual_reopen,2020-12-23,50perc,521,2020-12-23,2021-03-13,79.6422182468711
84,83,20210516_IL_localeEMS_11_50perc_counterfactual_reopen,2020-12-23,50perc,519,2020-12-23,2021-02-22,60.6797853309496
217,216,20210516_IL_localeEMS_11_50perc_counterfactual_reopen,2020-12-23,50perc,516,2020-12-23,2021-03-25,91.9677996422212
268,267,20210516_IL_localeEMS_11_50perc_counterfactual_reopen,2020-12-23,50perc,538,2020-12-23,2021-02-21,59.731663685154
112,111,20210516_IL_localeEMS_11_50perc_counterfactual_reopen,2020-12-24,50perc,523,2020-12-24,2021-02-11,49.3023255813977
165,164,20210516_IL_localeEMS_11_50perc_counterfactual_reopen,2020-12-24,50perc,520,2020-12-24,2021-03-27,92.9159212880168
175,174,20210516_IL_localeEMS_11_50perc_counterfactual_reopen,2020-12-24,50perc,525,2020-12-24,2021-04-12,109.033989266549
332,331,20210516_IL_localeEMS_11_50perc_counterfactual_reopen,2020-12-24,50perc,554,2020-12-24,2021-03-14,80.5903398926694
349,348,20210516_IL_localeEMS_11_50perc_counterfactual_reopen,2020-12-24,50perc,526,2020-12-24,2021-03-16,82.4865831842605
6,5,20210516_IL_localeEMS_11_50perc_counterfactual_reopen,2020-12-25,50perc,518,2020-12-25,2021-02-23,59.7316636851513
245,244,20210516_IL_localeEMS_11_50perc_counterfactual_reopen,2020-12-25,50perc,522,2020-12-25,2021-03-18,83.4347048300505
71,70,20210516_IL_localeEMS_11_50perc_counterfactual_reopen,2020-12-27,50perc,518,2020-12-27,2021-03-12,74.9016100178907
235,234,20210516_IL_localeEMS_11_50perc_counterfactual_reopen,2020-12-27,50perc,516,2020-12-27,2021-03-04,67.3166368515238
26,25,20210516_IL_localeEMS_11_50perc_counterfactual_reopen,2020-12-28,50perc,524,2020-12-28,2021-02-21,54.9910554561737
35,34,20210516_IL_localeEMS_11_50perc_counterfactual_reopen,2020-12-28,50perc,517,2020-12-28,2021-04-05,98.6046511627899
293,292,20210516_IL_localeEMS_11_50perc_counterfactual_reopen,2020-12-28,50perc,520,2020-12-28,2021-03-24,86.2790697674426
359,358,20210516_IL_localeEMS_11_50perc_counterfactual_reopen,2020-12-28,50perc,517,2020-12-28,2021-03-25,87.2271914132409
361,360,20210516_IL_localeEMS_11_50perc_counterfactual_reopen,2020-12-29,50perc,517,2020-12-29,2021-03-19,80.5903398926639
328,327,20210516_IL_localeEMS_11_50perc_counterfactual_reopen,2020-12-30,50perc,521,2020-12-30,2021-03-27,87.2271914132353
363,362,20210516_IL_localeEMS_11_50perc_counterfactual_reopen,2020-12-30,50perc,529,2020-12-30,2021-04-04,95.7602862253978
29,28,20210516_IL_localeEMS_11_50perc_counterfactual_reopen,2020-12-31,50perc,518,2020-12-31,2021-03-06,65.4203935599272
277,276,20210516_IL_localeEMS_11_50perc_counterfactual_reopen,2020-12-31,50perc,518,2020-12-31,2021-03-29,88.1753130590364
329,328,20210516_IL_localeEMS_11_50perc_counterfactual_reopen,2020-12-31,50perc,521,2020-12-31,2021-04-01,91.019677996423
379,378,20210516_IL_localeEMS_11_50perc_counterfactual_reopen,2020-12-31,50perc,530,2020-12-31,2021-03-31,90.0715563506274
39,38,20210516_IL_localeEMS_11_50perc_counterfactual_reopen,2020-12-31,50perc,534,2020-12-31,2021-01-31,30.3398926654734
77,76,20210516_IL_localeEMS_11_50perc_counterfactual_reopen,2020-12-31,50perc,523,2020-12-31,2021-03-24,82.4865831842577
101,100,20210516_IL_localeEMS_11_50perc_counterfactual_reopen,2020-12-31,50perc,520,2020-12-31,2021-03-17,75.8497316636863
211,210,20210516_IL_localeEMS_11_50perc_counterfactual_reopen,2020-12-31,50perc,517,2020-12-31,2021-03-18,76.797853309479
285,284,20210516_IL_localeEMS_11_50perc_counterfactual_reopen,2020-12-31,50perc,516,2020-12-31,2021-03-03,61.6279069767451
347,346,20210516_IL_localeEMS_11_50perc_counterfactual_reopen,2020-12-31,50perc,522,2020-12-31,2021-03-15,73.9534883720925
281,280,20210516_IL_localeEMS_11_50perc_counterfactual_reopen,2021-01-01,50perc,520,2021-01-01,2021-02-22,51.198568872986
360,359,20210516_IL_localeEMS_11_50perc_counterfactual_reopen,2021-01-01,50perc,525,2021-01-01,2021-03-12,69.2128801431121
383,382,20210516_IL_localeEMS_11_50perc_counterfactual_reopen,2021-01-01,50perc,525,2021-01-01,2021-02-26,55.9391771019664
59,58,20210516_IL_localeEMS_11_50perc_counterfactual_reopen,2021-01-02,50perc,522,2021-01-02,2021-04-02,90.0715563506274
135,134,20210516_IL_localeEMS_11_50perc_counterfactual_reopen,2021-01-02,50perc,529,2021-01-02,2021-03-23,79.6422182468711
367,366,20210516_IL_localeEMS_11_50perc_counterfactual_reopen,2021-01-02,50perc,527,2021-01-02,2021-01-25,22.7549194991092
9,8,20210516_IL_localeEMS_11_50perc_counterfactual_reopen,2021-01-03,50perc,530,2021-01-03,2021-03-08,63.5241502683334
54,53,20210516_IL_localeEMS_11_50perc_counterfactual_reopen,2021-01-03,50perc,544,2021-01-03,2021-02-07,35.0805008944538
91,90,20210516_IL_localeEMS_11_50perc_counterfactual_reopen,2021-01-03,50perc,517,2021-01-03,2021-02-28,55.9391771019692
148,147,20210516_IL_localeEMS_11_50perc_counterfactual_reopen,2021-01-03,50perc,518,2021-01-03,2021-04-11,97.6565295169944
195,194,20210516_IL_localeEMS_11_50perc_counterfactual_reopen,2021-01-03,50perc,520,2021-01-03,2021-03-13,68.2647584973165
396,395,20210516_IL_localeEMS_11_50perc_counterfactual_reopen,2021-01-03,50perc,531,2021-01-03,2021-04-10,96.7084078711989
116,115,20210516_IL_localeEMS_11_50perc_counterfactual_reopen,2021-01-04,50perc,518,2021-01-04,2021-03-10,64.4722719141317
181,180,20210516_IL_localeEMS_11_50perc_counterfactual_reopen,2021-01-04,50perc,540,2021-01-04,2021-02-25,52.1466905187843
187,186,20210516_IL_localeEMS_11_50perc_counterfactual_reopen,2021-01-04,50perc,518,2021-01-04,2021-04-09,94.8121645796051
218,217,20210516_IL_localeEMS_11_50perc_counterfactual_reopen,2021-01-04,50perc,516,2021-01-04,2021-03-05,59.7316636851513
384,383,20210516_IL_localeEMS_11_50perc_counterfactual_reopen,2021-01-04,50perc,520,2021-01-04,2021-02-24,50.2504472271905
398,397,20210516_IL_localeEMS_11_50perc_counterfactual_reopen,2021-01-04,50perc,543,2021-01-04,2021-03-14,68.2647584973165
159,158,20210516_IL_localeEMS_11_50perc_counterfactual_reopen,2021-01-05,50perc,535,2021-01-05,2021-03-13,66.3685152057227
189,188,20210516_IL_localeEMS_11_50perc_counterfactual_reopen,2021-01-05,50perc,542,2021-01-05,2021-03-02,55.9391771019637
110,109,20210516_IL_localeEMS_11_50perc_counterfactual_reopen,2021-01-06,50perc,529,2021-01-06,2021-03-25,77.7459749552801
183,182,20210516_IL_localeEMS_11_50perc_counterfactual_reopen,2021-01-06,50perc,537,2021-01-06,2021-03-16,69.2128801431148
231,230,20210516_IL_localeEMS_11_50perc_counterfactual_reopen,2021-01-06,50perc,525,2021-01-06,2021-03-13,65.42039355993
233,232,20210516_IL_localeEMS_11_50perc_counterfactual_reopen,2021-01-06,50perc,534,2021-01-06,2021-03-29,81.5384615384649
321,320,20210516_IL_localeEMS_11_50perc_counterfactual_reopen,2021-01-06,50perc,534,2021-01-06,2021-02-14,38.8729874776414
376,375,20210516_IL_localeEMS_11_50perc_counterfactual_reopen,2021-01-06,50perc,516,2021-01-06,2021-03-10,62.5760286225406
42,41,20210516_IL_localeEMS_11_50perc_counterfactual_reopen,2021-01-07,50perc,518,2021-01-07,2021-03-24,75.8497316636835
123,122,20210516_IL_localeEMS_11_50perc_counterfactual_reopen,2021-01-07,50perc,530,2021-01-07,2021-03-25,76.7978533094818
202,201,20210516_IL_localeEMS_11_50perc_counterfactual_reopen,2021-01-07,50perc,537,2021-01-07,2021-03-10,61.6279069767423
214,213,20210516_IL_localeEMS_11_50perc_counterfactual_reopen,2021-01-07,50perc,521,2021-01-07,2021-04-06,89.1234347048292
319,318,20210516_IL_localeEMS_11_50perc_counterfactual_reopen,2021-01-07,50perc,517,2021-01-07,2021-04-02,85.3309481216443
366,365,20210516_IL_localeEMS_11_50perc_counterfactual_reopen,2021-01-07,50perc,517,2021-01-07,2021-02-03,26.5474060822885
47,46,20210516_IL_localeEMS_11_50perc_counterfactual_reopen,2021-01-08,50perc,528,2021-01-08,2021-04-08,90.0715563506247
166,165,20210516_IL_localeEMS_11_50perc_counterfactual_reopen,2021-01-08,50perc,530,2021-01-08,2021-03-25,75.8497316636863
3,2,20210516_IL_localeEMS_11_50perc_counterfactual_reopen,2021-01-09,50perc,522,2021-01-09,2021-03-22,72.0572450805014
33,32,20210516_IL_localeEMS_11_50perc_counterfactual_reopen,2021-01-09,50perc,520,2021-01-09,2021-02-26,48.3542039356022
149,148,20210516_IL_localeEMS_11_50perc_counterfactual_reopen,2021-01-09,50perc,525,2021-01-09,2021-02-11,33.1842576028655
200,199,20210516_IL_localeEMS_11_50perc_counterfactual_reopen,2021-01-09,50perc,524,2021-01-09,2021-03-22,72.0572450805014
204,203,20210516_IL_localeEMS_11_50perc_counterfactual_reopen,2021-01-09,50perc,520,2021-01-09,2021-04-04,85.330948121647
220,219,20210516_IL_localeEMS_11_50perc_counterfactual_reopen,2021-01-09,50perc,527,2021-01-09,2021-03-07,56.8872987477675
382,381,20210516_IL_localeEMS_11_50perc_counterfactual_reopen,2021-01-09,50perc,516,2021-01-09,2021-04-06,87.2271914132409
63,62,20210516_IL_localeEMS_11_50perc_counterfactual_reopen,2021-01-10,50perc,547,2021-01-10,2021-03-22,71.1091234347031
196,195,20210516_IL_localeEMS_11_50perc_counterfactual_reopen,2021-01-10,50perc,517,2021-01-10,2021-02-12,33.1842576028655
225,224,20210516_IL_localeEMS_11_50perc_counterfactual_reopen,2021-01-10,50perc,524,2021-01-10,2021-04-07,87.2271914132409
247,246,20210516_IL_localeEMS_11_50perc_counterfactual_reopen,2021-01-10,50perc,522,2021-01-10,2021-04-07,87.2271914132409
310,309,20210516_IL_localeEMS_11_50perc_counterfactual_reopen,2021-01-10,50perc,522,2021-01-10,2021-01-29,18.9624329159243
234,233,20210516_IL_localeEMS_11_50perc_counterfactual_reopen,2021-01-11,50perc,537,2021-01-11,2021-03-14,61.6279069767423
30,29,20210516_IL_localeEMS_11_50perc_counterfactual_reopen,2021-01-12,50perc,535,2021-01-12,2021-04-15,92.9159212880113
70,69,20210516_IL_localeEMS_11_50perc_counterfactual_reopen,2021-01-12,50perc,518,2021-01-12,2021-02-19,37.9248658318404
65,64,20210516_IL_localeEMS_11_50perc_counterfactual_reopen,2021-01-13,50perc,516,2021-01-13,2021-03-22,68.2647584973165
182,181,20210516_IL_localeEMS_11_50perc_counterfactual_reopen,2021-01-13,50perc,527,2021-01-13,2021-03-10,55.9391771019692
279,278,20210516_IL_localeEMS_11_50perc_counterfactual_reopen,2021-01-13,50perc,519,2021-01-13,2021-03-05,51.1985688729888
296,295,20210516_IL_localeEMS_11_50perc_counterfactual_reopen,2021-01-13,50perc,524,2021-01-13,2021-02-10,28.4436493738851
299,298,20210516_IL_localeEMS_11_50perc_counterfactual_reopen,2021-01-13,50perc,528,2021-01-13,2021-02-23,40.7692307692325
369,368,20210516_IL_localeEMS_11_50perc_counterfactual_reopen,2021-01-13,50perc,527,2021-01-13,2021-03-02,48.3542039355994
125,124,20210516_IL_localeEMS_11_50perc_counterfactual_reopen,2021-01-14,50perc,537,2021-01-14,2021-03-24,69.2128801431121
127,126,20210516_IL_localeEMS_11_50perc_counterfactual_reopen,2021-01-14,50perc,526,2021-01-14,2021-03-18,63.5241502683334
66,65,20210516_IL_localeEMS_11_50perc_counterfactual_reopen,2021-01-15,50perc,527,2021-01-15,2021-03-25,69.2128801431148
221,220,20210516_IL_localeEMS_11_50perc_counterfactual_reopen,2021-01-15,50perc,529,2021-01-15,2021-03-14,58.7835420393585
267,266,20210516_IL_localeEMS_11_50perc_counterfactual_reopen,2021-01-15,50perc,532,2021-01-15,2021-04-08,83.4347048300533
270,269,20210516_IL_localeEMS_11_50perc_counterfactual_reopen,2021-01-15,50perc,523,2021-01-15,2021-04-22,97.6565295169944
370,369,20210516_IL_localeEMS_11_50perc_counterfactual_reopen,2021-01-16,50perc,520,2021-01-16,2021-03-06,49.3023255813922
373,372,20210516_IL_localeEMS_11_50perc_counterfactual_reopen,2021-01-16,50perc,537,2021-01-16,2021-03-04,47.4060822898039
57,56,20210516_IL_localeEMS_11_50perc_counterfactual_reopen,2021-01-17,50perc,524,2021-01-17,2021-02-22,36.0286225402521
20,19,20210516_IL_localeEMS_11_50perc_counterfactual_reopen,2021-01-18,50perc,517,2021-01-18,2021-03-14,54.9910554561737
73,72,20210516_IL_localeEMS_11_50perc_counterfactual_reopen,2021-01-18,50perc,525,2021-01-18,2021-03-12,52.1466905187843
121,120,20210516_IL_localeEMS_11_50perc_counterfactual_reopen,2021-01-18,50perc,539,2021-01-18,2021-04-01,73.0053667262969
126,125,20210516_IL_localeEMS_11_50perc_counterfactual_reopen,2021-01-18,50perc,527,2021-01-18,2021-02-25,37.9248658318431
146,145,20210516_IL_localeEMS_11_50perc_counterfactual_reopen,2021-01-18,50perc,530,2021-01-18,2021-02-14,26.5474060822913
138,137,20210516_IL_localeEMS_11_50perc_counterfactual_reopen,2021-01-19,50perc,543,2021-01-19,2021-03-26,65.4203935599272
141,140,20210516_IL_localeEMS_11_50perc_counterfactual_reopen,2021-01-19,50perc,534,2021-01-19,2021-03-31,70.1610017889103
156,155,20210516_IL_localeEMS_11_50perc_counterfactual_reopen,2021-01-19,50perc,529,2021-01-19,2021-04-05,75.8497316636835
198,197,20210516_IL_localeEMS_11_50perc_counterfactual_reopen,2021-01-19,50perc,518,2021-01-19,2021-02-19,30.3398926654734
342,341,20210516_IL_localeEMS_11_50perc_counterfactual_reopen,2021-01-20,50perc,519,2021-01-20,2021-03-04,42.6654740608263
37,36,20210516_IL_localeEMS_11_50perc_counterfactual_reopen,2021-01-21,50perc,518,2021-01-21,2021-03-18,55.9391771019637
109,108,20210516_IL_localeEMS_11_50perc_counterfactual_reopen,2021-01-21,50perc,520,2021-01-21,2021-03-06,43.6135957066163
300,299,20210516_IL_localeEMS_11_50perc_counterfactual_reopen,2021-01-21,50perc,516,2021-01-21,2021-03-30,67.3166368515182
74,73,20210516_IL_localeEMS_11_50perc_counterfactual_reopen,2021-01-22,50perc,517,2021-01-22,2021-02-16,24.6511627906947
287,286,20210516_IL_localeEMS_11_50perc_counterfactual_reopen,2021-01-22,50perc,537,2021-01-22,2021-04-08,75.8497316636835
304,303,20210516_IL_localeEMS_11_50perc_counterfactual_reopen,2021-01-22,50perc,518,2021-01-22,2021-04-09,76.797853309479
390,389,20210516_IL_localeEMS_11_50perc_counterfactual_reopen,2021-01-22,50perc,536,2021-01-22,2021-03-08,44.5617173524118
49,48,20210516_IL_localeEMS_11_50perc_counterfactual_reopen,2021-01-23,50perc,538,2021-01-23,2021-02-18,25.599284436493
295,294,20210516_IL_localeEMS_11_50perc_counterfactual_reopen,2021-01-23,50perc,529,2021-01-23,2021-03-22,57.8354203935575
61,60,20210516_IL_localeEMS_11_50perc_counterfactual_reopen,2021-01-24,50perc,525,2021-01-24,2021-03-24,58.7835420393558
174,173,20210516_IL_localeEMS_11_50perc_counterfactual_reopen,2021-01-24,50perc,523,2021-01-24,2021-03-17,52.1466905187843
259,258,20210516_IL_localeEMS_11_50perc_counterfactual_reopen,2021-01-24,50perc,522,2021-01-24,2021-03-15,50.2504472271905
301,300,20210516_IL_localeEMS_11_50perc_counterfactual_reopen,2021-01-24,50perc,518,2021-01-24,2021-04-20,85.330948121647
155,154,20210516_IL_localeEMS_11_50perc_counterfactual_reopen,2021-01-25,50perc,516,2021-01-25,2021-03-22,55.9391771019637
188,187,20210516_IL_localeEMS_11_50perc_counterfactual_reopen,2021-01-26,50perc,518,2021-01-26,2021-02-09,14.2218246869384
364,363,20210516_IL_localeEMS_11_50perc_counterfactual_reopen,2021-01-26,50perc,548,2021-01-26,2021-03-24,56.8872987477619
14,13,20210516_IL_localeEMS_11_50perc_counterfactual_reopen,2021-01-27,50perc,516,2021-01-27,2021-04-05,68.2647584973165
102,101,20210516_IL_localeEMS_11_50perc_counterfactual_reopen,2021-01-27,50perc,526,2021-01-27,2021-01-28,0.948121645798286
69,68,20210516_IL_localeEMS_11_50perc_counterfactual_reopen,2021-01-28,50perc,527,2021-01-28,2021-02-23,25.599284436493
78,77,20210516_IL_localeEMS_11_50perc_counterfactual_reopen,2021-01-29,50perc,531,2021-01-29,2021-03-16,46.4579606440056
168,167,20210516_IL_localeEMS_11_50perc_counterfactual_reopen,2021-01-29,50perc,527,2021-01-29,2021-03-21,51.198568872986
18,17,20210516_IL_localeEMS_11_50perc_counterfactual_reopen,2021-01-30,50perc,522,2021-01-30,2021-02-11,12.3255813953501
162,161,20210516_IL_localeEMS_11_50perc_counterfactual_reopen,2021-01-30,50perc,538,2021-01-30,2021-04-09,69.2128801431121
278,277,20210516_IL_localeEMS_11_50perc_counterfactual_reopen,2021-01-30,50perc,518,2021-01-30,2021-03-10,38.8729874776387
58,57,20210516_IL_localeEMS_11_50perc_counterfactual_reopen,2021-01-31,50perc,527,2021-01-31,2021-03-23,51.1985688729888
144,143,20210516_IL_localeEMS_11_50perc_counterfactual_reopen,2021-01-31,50perc,524,2021-01-31,2021-03-05,33.1842576028627
227,226,20210516_IL_localeEMS_11_50perc_counterfactual_reopen,2021-01-31,50perc,521,2021-01-31,2021-04-06,65.42039355993
199,198,20210516_IL_localeEMS_11_50perc_counterfactual_reopen,2021-02-01,50perc,528,2021-02-01,2021-02-24,22.7549194991037
320,319,20210516_IL_localeEMS_11_50perc_counterfactual_reopen,2021-02-02,50perc,518,2021-02-02,2021-02-03,0.948121645795526
368,367,20210516_IL_localeEMS_11_50perc_counterfactual_reopen,2021-02-02,50perc,536,2021-02-02,2021-03-02,28.4436493738796
17,16,20210516_IL_localeEMS_11_50perc_counterfactual_reopen,2021-02-03,50perc,516,2021-02-03,2021-03-13,37.9248658318431
83,82,20210516_IL_localeEMS_11_50perc_counterfactual_reopen,2021-02-03,50perc,516,2021-02-03,2021-03-03,28.4436493738824
350,349,20210516_IL_localeEMS_11_50perc_counterfactual_reopen,2021-02-03,50perc,521,2021-02-03,2021-03-06,31.2880143112689
223,222,20210516_IL_localeEMS_11_50perc_counterfactual_reopen,2021-02-05,50perc,516,2021-02-05,2021-03-20,43.613595706619
81,80,20210516_IL_localeEMS_11_50perc_counterfactual_reopen,2021-02-06,50perc,522,2021-02-06,2021-03-07,29.3917710196806
105,104,20210516_IL_localeEMS_11_50perc_counterfactual_reopen,2021-02-06,50perc,519,2021-02-06,2021-02-17,11.3774597495546
230,229,20210516_IL_localeEMS_11_50perc_counterfactual_reopen,2021-02-06,50perc,522,2021-02-06,2021-03-07,29.3917710196806
272,271,20210516_IL_localeEMS_11_50perc_counterfactual_reopen,2021-02-06,50perc,516,2021-02-06,2021-03-06,27.4955277280841
289,288,20210516_IL_localeEMS_11_50perc_counterfactual_reopen,2021-02-06,50perc,525,2021-02-06,2021-02-09,2.84436493738658
21,20,20210516_IL_localeEMS_11_50perc_counterfactual_reopen,2021-02-07,50perc,536,2021-02-07,2021-03-16,36.9767441860476
147,146,20210516_IL_localeEMS_11_50perc_counterfactual_reopen,2021-02-07,50perc,516,2021-02-07,2021-03-20,40.7692307692325
151,150,20210516_IL_localeEMS_11_50perc_counterfactual_reopen,2021-02-07,50perc,517,2021-02-07,2021-03-07,27.4955277280868
38,37,20210516_IL_localeEMS_11_50perc_counterfactual_reopen,2021-02-08,50perc,521,2021-02-08,2021-03-19,38.8729874776414
145,144,20210516_IL_localeEMS_11_50perc_counterfactual_reopen,2021-02-08,50perc,516,2021-02-08,2021-03-28,47.4060822898067
158,157,20210516_IL_localeEMS_11_50perc_counterfactual_reopen,2021-02-08,50perc,517,2021-02-08,2021-02-08,0
55,54,20210516_IL_localeEMS_11_50perc_counterfactual_reopen,2021-02-11,50perc,518,2021-02-11,2021-04-01,48.3542039355994
24,23,20210516_IL_localeEMS_11_50perc_counterfactual_reopen,2021-02-12,50perc,517,2021-02-12,2021-04-06,53.0948121645771
142,141,20210516_IL_localeEMS_11_50perc_counterfactual_reopen,2021-02-12,50perc,525,2021-02-12,2021-03-22,37.9248658318376
203,202,20210516_IL_localeEMS_11_50perc_counterfactual_reopen,2021-02-12,50perc,516,2021-02-12,2021-02-24,11.3774597495491
306,305,20210516_IL_localeEMS_11_50perc_counterfactual_reopen,2021-02-13,50perc,516,2021-02-13,2021-03-30,44.5617173524146
140,139,20210516_IL_localeEMS_11_50perc_counterfactual_reopen,2021-02-14,50perc,525,2021-02-14,2021-04-04,49.3023255813922
317,316,20210516_IL_localeEMS_11_50perc_counterfactual_reopen,2021-02-15,50perc,524,2021-02-15,2021-03-11,23.703041144902
215,214,20210516_IL_localeEMS_11_50perc_counterfactual_reopen,2021-02-17,50perc,529,2021-02-17,2021-03-13,23.703041144902
269,268,20210516_IL_localeEMS_11_50perc_counterfactual_reopen,2021-02-17,50perc,516,2021-02-17,2021-03-21,32.2361359570672
338,337,20210516_IL_localeEMS_11_50perc_counterfactual_reopen,2021-02-17,50perc,529,2021-02-17,2021-04-24,66.3685152057255
93,92,20210516_IL_localeEMS_11_50perc_counterfactual_reopen,2021-02-18,50perc,523,2021-02-18,2021-03-24,34.1323792486583
107,106,20210516_IL_localeEMS_11_50perc_counterfactual_reopen,2021-02-18,50perc,524,2021-02-18,2021-03-20,30.3398926654762
157,156,20210516_IL_localeEMS_11_50perc_counterfactual_reopen,2021-02-19,50perc,532,2021-02-19,2021-03-29,37.9248658318459
266,265,20210516_IL_localeEMS_11_50perc_counterfactual_reopen,2021-02-19,50perc,518,2021-02-19,2021-04-14,54.0429338103781
275,274,20210516_IL_localeEMS_11_50perc_counterfactual_reopen,2021-02-19,50perc,527,2021-02-19,2021-03-22,31.2880143112689
11,10,20210516_IL_localeEMS_11_50perc_counterfactual_reopen,2021-02-23,50perc,535,2021-02-23,2021-03-23,28.4436493738824
154,153,20210516_IL_localeEMS_11_50perc_counterfactual_reopen,2021-02-24,50perc,519,2021-02-24,2021-04-30,65.42039355993
180,179,20210516_IL_localeEMS_11_50perc_counterfactual_reopen,2021-02-25,50perc,519,2021-02-25,2021-02-25,0
337,336,20210516_IL_localeEMS_11_50perc_counterfactual_reopen,2021-03-01,50perc,523,2021-03-01,2021-04-30,59.7316636851513
98,97,20210516_IL_localeEMS_11_50perc_counterfactual_reopen,2021-03-04,50perc,524,2021-03-04,2021-04-02,29.3917710196751
355,354,20210516_IL_localeEMS_11_50perc_counterfactual_reopen,2021-03-07,50perc,520,2021-03-07,2021-03-19,12.3255813953474
75,74,20210516_IL_localeEMS_11_50perc_counterfactual_reopen,2021-03-10,50perc,527,2021-03-10,2021-04-05,26.5474060822885
106,105,20210516_IL_localeEMS_11_50perc_counterfactual_reopen,2021-03-11,50perc,517,2021-03-11,2021-03-23,12.3255813953474
64,63,20210516_IL_localeEMS_11_50perc_counterfactual_reopen,2021-03-13,50perc,518,2021-03-13,2021-03-14,0.948121645795526
298,297,20210516_IL_localeEMS_11_50perc_counterfactual_reopen,2021-03-21,50perc,521,2021-03-21,2021-03-23,1.89624329159105
208,207,20210516_IL_localeEMS_11_50perc_counterfactual_reopen,2021-03-22,50perc,518,2021-03-22,2021-04-25,34.1323792486638
